/*
Navicat MySQL Data Transfer

Source Server         : admin
Source Server Version : 50640
Source Host           : localhost:3306
Source Database       : cmdb

Target Server Type    : MYSQL
Target Server Version : 50640
File Encoding         : 65001

Date: 2018-09-07 16:18:59
*/

SET FOREIGN_KEY_CHECKS=0;

-- ----------------------------
-- Table structure for adm_asset
-- ----------------------------
DROP TABLE IF EXISTS `adm_asset`;
CREATE TABLE `adm_asset` (
  `id` int(11) NOT NULL AUTO_INCREMENT,
  `assetNum` varchar(128) NOT NULL,
  `brand` varchar(20) DEFAULT NULL,
  `model` varchar(128) NOT NULL,
  `service_num` varchar(128) NOT NULL,
  `price` int(11) DEFAULT NULL,
  `status` varchar(20) NOT NULL,
  `customer` varchar(80) DEFAULT NULL,
  `department` varchar(80) NOT NULL,
  `owner` varchar(80) NOT NULL,
  `production_time` datetime(6) NOT NULL,
  `add_time` datetime(6) NOT NULL,
  `desc` longtext,
  PRIMARY KEY (`id`)
) ENGINE=InnoDB AUTO_INCREMENT=670 DEFAULT CHARSET=utf8;

-- ----------------------------
-- Records of adm_asset
-- ----------------------------
INSERT INTO `adm_asset` VALUES ('1', '00000002', '戴尔', 'DELL XPS8700', '', '8650', '1', '', '内容中心/首页编辑组', '汪明刚', '2014-07-01 00:00:00.000000', '2015-11-20 00:00:00.000000', '20151120之前采购物资');
INSERT INTO `adm_asset` VALUES ('2', '00000003', '戴尔', 'DELL XPS8700', '7QT6S12', '8650', '1', '', '内容中心/节目制作', '白赟', '2014-07-01 00:00:00.000000', '2015-11-20 00:00:00.000000', '20151120之前采购物资');
INSERT INTO `adm_asset` VALUES ('3', '00000004', '戴尔', 'DELL XPS8700', '', '8650', '1', '', '技术中心/负二楼仓库', '', '2014-07-01 00:00:00.000000', '2015-11-20 00:00:00.000000', '20151120之前采购物资(杨昌鼎)');
INSERT INTO `adm_asset` VALUES ('4', '00000005', '戴尔', 'DELL XPS8700', '', '8650', '1', '', '财务中心/财务部', '', '2014-07-01 00:00:00.000000', '2015-11-20 00:00:00.000000', '20151120之前采购物资');
INSERT INTO `adm_asset` VALUES ('5', '00000006', '戴尔', 'DELL XPS8700', '', '8650', '1', '', '多彩宝', '令狐昌林', '2014-07-01 00:00:00.000000', '2015-11-20 00:00:00.000000', '20151120之前采购物资');
INSERT INTO `adm_asset` VALUES ('6', '00000007', '苹果', 'MacBook Air笔记本电脑', '', '6260', '1', '', '贵州电子商务云', '毛华', '2014-07-01 00:00:00.000000', '2015-11-20 00:00:00.000000', '20151120之前采购物资');
INSERT INTO `adm_asset` VALUES ('7', '00000008', '苹果', 'MacBook Air笔记本电脑', '', '6260', '1', '', '多彩宝', '令狐昌林', '2014-07-01 00:00:00.000000', '2015-11-20 00:00:00.000000', '20151120之前采购物资');
INSERT INTO `adm_asset` VALUES ('8', '00000009', '苹果', 'ipad air2平板电脑', '', '3559', '1', '', '多彩宝', '令狐昌林', '2014-07-01 00:00:00.000000', '2015-11-20 00:00:00.000000', '20151120之前采购物资');
INSERT INTO `adm_asset` VALUES ('9', '00000011', '联想', 'IBM_T440笔记本电脑', 'PF-02T66F', '6300', '1', '', '技术中心/库房', '', '2014-07-01 00:00:00.000000', '2015-11-20 00:00:00.000000', '20151120之前采购物资');
INSERT INTO `adm_asset` VALUES ('10', '00000012', '联想', 'IBM_T440笔记本电脑', '', '6300', '1', '', '公司领导', '王芳', '2014-07-01 00:00:00.000000', '2015-11-20 00:00:00.000000', '20151120之前采购物资');
INSERT INTO `adm_asset` VALUES ('11', '00000013', '联想', 'IBM_T440笔记本电脑', '', '6300', '1', '', '行政中心/办公室', '宋杰', '2014-07-01 00:00:00.000000', '2015-11-20 00:00:00.000000', '20151120之前采购物资');
INSERT INTO `adm_asset` VALUES ('12', '00000014', '联想', 'IBM_T440笔记本电脑', 'PF-02T42G', '6300', '1', '', '技术中心/运行维护部', '', '2014-07-01 00:00:00.000000', '2015-11-20 00:00:00.000000', '20151120之前采购物资');
INSERT INTO `adm_asset` VALUES ('13', '00000015', '联想', 'IBM_T440笔记本电脑', '', '6300', '1', '', '行政中心/办公室', '雷潇', '2014-07-01 00:00:00.000000', '2015-11-20 00:00:00.000000', '20151120之前采购物资');
INSERT INTO `adm_asset` VALUES ('14', '00000027', '佳能', '佳能 MF8550彩色激光一体机', '', '8700', '1', '', '行政中心/办公室', '', '2014-07-01 00:00:00.000000', '2015-11-20 00:00:00.000000', '20151120之前采购物资');
INSERT INTO `adm_asset` VALUES ('15', '00000029', '苹果', 'ipad mini3平板电脑', '', '4400', '1', '', '公司领导', '晏世忠', '2014-07-01 00:00:00.000000', '2015-11-20 00:00:00.000000', '20151120之前采购物资');
INSERT INTO `adm_asset` VALUES ('16', '00000031', '联想', '联想IdeaCenterK450', '', '5385', '1', '', '财务中心/财务部', '王卉', '2014-07-01 00:00:00.000000', '2015-11-20 00:00:00.000000', '20151120之前采购物资');
INSERT INTO `adm_asset` VALUES ('17', '00000032', '联想', '联想IdeaCenterK450', '', '5385', '1', '', '财务中心/财务部', '陈昌玮', '2014-07-01 00:00:00.000000', '2015-11-20 00:00:00.000000', '20151120之前采购物资');
INSERT INTO `adm_asset` VALUES ('18', '00000033', '联想', '联想IdeaCenterK450', '', '5385', '1', '', '技术中心/报废设备', '报废设备', '2014-07-01 00:00:00.000000', '2015-11-20 00:00:00.000000', '20151120之前采购物资');
INSERT INTO `adm_asset` VALUES ('19', '00000034', '联想', '联想IdeaCenterK450', '', '5385', '1', '', '行政中心/办公室', '向朝兵', '2014-07-01 00:00:00.000000', '2015-11-20 00:00:00.000000', '20151120之前采购物资');
INSERT INTO `adm_asset` VALUES ('20', '00000035', '联想', '联想IdeaCenterK450', '', '5385', '1', '', '技术中心/报废设备', '归还仓库', '2014-07-01 00:00:00.000000', '2015-11-20 00:00:00.000000', '20151120之前采购物资');
INSERT INTO `adm_asset` VALUES ('21', '00000036', '联想', '联想IdeaCenterK450', '', '5385', '1', '', '技术中心/报废设备', '归还仓库', '2014-07-01 00:00:00.000000', '2015-11-20 00:00:00.000000', '20151120之前采购物资，损坏，存放在库房，原王静电脑');
INSERT INTO `adm_asset` VALUES ('22', '00000037', '联想', '联想IdeaCenterK450', '', '5385', '1', '', '行政中心/办公室', '打印室', '2014-07-01 00:00:00.000000', '2015-11-20 00:00:00.000000', '20151120之前采购物资');
INSERT INTO `adm_asset` VALUES ('23', '00000038', '联想', '联想IdeaCenterK450', '', '5385', '1', '', '行政中心/办公室', '雷潇', '2014-07-01 00:00:00.000000', '2015-11-20 00:00:00.000000', '20151120之前采购物资');
INSERT INTO `adm_asset` VALUES ('24', '00000039', '联想', '联想T4900v', '', '5930', '1', '', '贵州电子商务云', '韦孝疆', '2014-07-01 00:00:00.000000', '2015-11-20 00:00:00.000000', '20151120之前采购物资,异常,韦孝疆');
INSERT INTO `adm_asset` VALUES ('25', '00000040', '联想', 'IBM_T440笔记本电脑', '', '6400', '1', '', '技术中心/运行维护部', '周凯', '2014-07-01 00:00:00.000000', '2015-11-20 00:00:00.000000', '20151120之前采购物资');
INSERT INTO `adm_asset` VALUES ('26', '00000041', '', '理光Aficio Mp c2030打印机', '', '21600', '1', '', '行政中心/办公室', '', '2014-07-01 00:00:00.000000', '2015-11-20 00:00:00.000000', '20151120之前采购物资');
INSERT INTO `adm_asset` VALUES ('27', '00000042', '联想', '联想R4900d', '', '5930', '1', '', '内容中心/经济新闻部', '袁小娟', '2014-07-01 00:00:00.000000', '2015-11-20 00:00:00.000000', '20151120之前采购物资');
INSERT INTO `adm_asset` VALUES ('28', '00000043', '联想', '联想R4900d', '', '5930', '1', '', '内容中心/时事新闻组', '武淑', '2014-08-06 00:00:00.000000', '2015-11-20 00:00:00.000000', '20151120之前采购物资');
INSERT INTO `adm_asset` VALUES ('29', '00000044', '联想', '联想R4900d', 'NS20789772', '5930', '1', '', '运营中心/贵阳分公司', '晏蓉', '2014-02-20 00:00:00.000000', '2015-11-20 00:00:00.000000', '20151120之前采购物资');
INSERT INTO `adm_asset` VALUES ('30', '00000045', '', '华硕ET2702I一体机', '', '11587', '1', '', '技术中心/库房', '', '2014-07-01 00:00:00.000000', '2015-11-20 00:00:00.000000', '20151120之前采购物资');
INSERT INTO `adm_asset` VALUES ('31', '00000046', '', '华硕ET2702I一体机', '', '11587', '1', '', '公司领导', '王芳', '2014-07-01 00:00:00.000000', '2015-11-20 00:00:00.000000', '20151120之前采购物资');
INSERT INTO `adm_asset` VALUES ('32', '00000047', '', '华硕ET2702I一体机', '', '11587', '1', '', '公司领导', '胡涛', '2014-07-01 00:00:00.000000', '2015-11-20 00:00:00.000000', '20151120之前采购物资');
INSERT INTO `adm_asset` VALUES ('33', '00000048', '', '华硕ET2702I一体机', '', '11587', '1', '', '公司领导', '陈永堂', '2014-07-01 00:00:00.000000', '2015-11-20 00:00:00.000000', '20151120之前采购物资');
INSERT INTO `adm_asset` VALUES ('34', '00000049', '', '华为S5700-52C-SI交换机', '', '18400', '1', '', '公司层面', '', '2014-07-01 00:00:00.000000', '2015-11-20 00:00:00.000000', '20151120之前采购物资');
INSERT INTO `adm_asset` VALUES ('35', '00000050', '', '华为S5700-52C-SI交换机', '', '18400', '1', '', '公司层面', '', '2014-07-01 00:00:00.000000', '2015-11-20 00:00:00.000000', '20151120之前采购物资');
INSERT INTO `adm_asset` VALUES ('36', '00000052', '惠普', '惠普M1218nfs打印一体机', '', '2385', '1', '', '公司层面', '', '2014-07-01 00:00:00.000000', '2015-11-20 00:00:00.000000', '20151120之前采购物资');
INSERT INTO `adm_asset` VALUES ('37', '00000054', '戴尔', '戴尔poweredgeR720服务器', '', '77423', '1', '', '公司层面', '', '2014-07-01 00:00:00.000000', '2015-11-20 00:00:00.000000', '20151120之前采购物资');
INSERT INTO `adm_asset` VALUES ('38', '00000055', '戴尔', '戴尔poweredgeR720服务器', '', '77423', '1', '', '公司层面', '', '2014-07-01 00:00:00.000000', '2015-11-20 00:00:00.000000', '20151120之前采购物资');
INSERT INTO `adm_asset` VALUES ('39', '00000056', '戴尔', '戴尔poweredgeR720服务器', '', '77423', '1', '', '公司层面', '', '2014-07-01 00:00:00.000000', '2015-11-20 00:00:00.000000', '20151120之前采购物资');
INSERT INTO `adm_asset` VALUES ('40', '00000057', '戴尔', '戴尔poweredgeR720服务器', '', '77423', '1', '', '公司层面', '', '2014-07-01 00:00:00.000000', '2015-11-20 00:00:00.000000', '20151120之前采购物资');
INSERT INTO `adm_asset` VALUES ('41', '00000058', '戴尔', '戴尔poweredgeR720服务器', '', '77423', '1', '', '公司层面', '', '2014-07-01 00:00:00.000000', '2015-11-20 00:00:00.000000', '20151120之前采购物资');
INSERT INTO `adm_asset` VALUES ('42', '00000059', '戴尔', '戴尔poweredgeR820服务器', '', '103376', '1', '', '公司层面', '', '2014-07-01 00:00:00.000000', '2015-11-20 00:00:00.000000', '20151120之前采购物资');
INSERT INTO `adm_asset` VALUES ('43', '00000060', '戴尔', '戴尔poweredgeR820服务器', '', '103376', '1', '', '公司层面', '', '2014-07-01 00:00:00.000000', '2015-11-20 00:00:00.000000', '20151120之前采购物资');
INSERT INTO `adm_asset` VALUES ('44', '00000061', '戴尔', '戴尔poweredgeR820服务器', '', '103376', '1', '', '公司层面', '', '2014-07-01 00:00:00.000000', '2015-11-20 00:00:00.000000', '20151120之前采购物资');
INSERT INTO `adm_asset` VALUES ('45', '00000062', '戴尔', '戴尔poweredgeR820服务器', '', '103376', '1', '', '公司层面', '', '2014-07-01 00:00:00.000000', '2015-11-20 00:00:00.000000', '20151120之前采购物资');
INSERT INTO `adm_asset` VALUES ('46', '00000063', '戴尔', '戴尔poweredgeR820服务器', '', '103376', '1', '', '公司层面', '', '2014-07-01 00:00:00.000000', '2015-11-20 00:00:00.000000', '20151120之前采购物资');
INSERT INTO `adm_asset` VALUES ('47', '00000064', '', '投影仪', '', '4600', '1', '', '行政中心/办公室', '', '2014-07-01 00:00:00.000000', '2015-11-20 00:00:00.000000', '20151120之前采购物资');
INSERT INTO `adm_asset` VALUES ('48', '00000065', '联想', '联想T4900v', '', '5900', '1', '', '运营中心/地方频道部', '李珊珊', '2014-08-19 00:00:00.000000', '2015-11-20 00:00:00.000000', '20151120之前采购物资');
INSERT INTO `adm_asset` VALUES ('49', '00000066', '联想', '联想T4900v', '', '5900', '1', '', '贵州电子商务云', '吕潇潇', '2014-08-19 00:00:00.000000', '2015-11-20 00:00:00.000000', '20151120之前采购物资');
INSERT INTO `adm_asset` VALUES ('50', '00000067', '', 'AISINO打印机', '', '3280', '1', '', '公司层面', '李亚', '2014-07-01 00:00:00.000000', '2015-11-20 00:00:00.000000', '20151120之前采购物资');
INSERT INTO `adm_asset` VALUES ('51', '00000072', '', '编辑台式电脑', '', '5900', '1', '', '互联网发展协会', '', '2014-05-24 00:00:00.000000', '2015-11-20 00:00:00.000000', '20151120之前采购物资');
INSERT INTO `adm_asset` VALUES ('52', '00000073', '', '编辑台式电脑', 'BS01610919', '5900', '1', '', '技术中心/运行维护部', '欧有为', '2014-05-24 00:00:00.000000', '2015-11-20 00:00:00.000000', '20151120之前采购物资');
INSERT INTO `adm_asset` VALUES ('53', '00000074', '', '编辑台式电脑', 'BS01610905', '5900', '1', '', '多彩黔行', '李浔', '2014-05-24 00:00:00.000000', '2015-11-20 00:00:00.000000', '20151120之前采购物资');
INSERT INTO `adm_asset` VALUES ('54', '00000075', '', '编辑台式电脑', '', '5900', '1', '', '内容中心/舆情服务部', '王智', '2014-05-24 00:00:00.000000', '2015-11-20 00:00:00.000000', '20151120之前采购物资');
INSERT INTO `adm_asset` VALUES ('55', '00000076', '', '编辑台式电脑', '', '5900', '1', '', '内容中心/时事新闻组', '杨娅', '2014-05-24 00:00:00.000000', '2015-11-20 00:00:00.000000', '20151120之前采购物资');
INSERT INTO `adm_asset` VALUES ('56', '00000077', '', '编辑台式电脑', 'BS01610931', '5900', '1', '', '行政中心/办公室', '档案查阅室', '2014-05-24 00:00:00.000000', '2015-11-20 00:00:00.000000', '20151120之前采购物资');
INSERT INTO `adm_asset` VALUES ('57', '00000078', '', '联想T4900v', '', '5900', '1', '', '运营中心/贵阳分公司', '安璐', '2014-08-19 00:00:00.000000', '2015-11-20 00:00:00.000000', '20151120之前采购物资');
INSERT INTO `adm_asset` VALUES ('58', '00000079', '', '联想T4900v', '', '5900', '1', '', '运营中心/地方频道部', '王超', '2014-08-19 00:00:00.000000', '2015-11-20 00:00:00.000000', '20151120之前采购物资');
INSERT INTO `adm_asset` VALUES ('59', '00000080', '', '联想T4900v', 'BS02405586', '5900', '1', '', '多彩黔行', '刘昶', '2014-08-19 00:00:00.000000', '2015-11-20 00:00:00.000000', '20151120之前采购物资');
INSERT INTO `adm_asset` VALUES ('60', '00000081', '', '联想T4900v', '', '5900', '1', '', '运营中心/地方频道部', '雷钦', '2014-08-19 00:00:00.000000', '2015-11-20 00:00:00.000000', '20151120之前采购物资');
INSERT INTO `adm_asset` VALUES ('61', '00000082', '', '联想T4900v', '', '5900', '1', '', '运营中心/贵州手机报', '林士尧', '2014-08-19 00:00:00.000000', '2015-11-20 00:00:00.000000', '20151120之前采购物资，异常');
INSERT INTO `adm_asset` VALUES ('62', '00000083', '', '联想T4900v', '', '5900', '1', '', '运营中心/贵州手机报', '张典', '2014-08-19 00:00:00.000000', '2015-11-20 00:00:00.000000', '20151120之前采购物资');
INSERT INTO `adm_asset` VALUES ('63', '00000084', '', '联想T4900v', '', '5900', '1', '', '运营中心/贵州手机报', '王琪文', '2014-08-19 00:00:00.000000', '2015-11-20 00:00:00.000000', '20151120之前采购物资');
INSERT INTO `adm_asset` VALUES ('64', '00000085', '', '联想T4900v', '', '5900', '1', '', '运营中心/贵州手机报', '翟薇', '2014-08-19 00:00:00.000000', '2015-11-20 00:00:00.000000', '20151120之前采购物资');
INSERT INTO `adm_asset` VALUES ('65', '00000086', '', '联想T4900v', '', '5900', '1', '', '运营中心/贵州手机报', '卢彦竹', '2014-08-19 00:00:00.000000', '2015-11-20 00:00:00.000000', '20151120之前采购物资');
INSERT INTO `adm_asset` VALUES ('66', '00000087', '', 'tinkpad S3笔记本电脑', '', '7960', '1', '', '财务中心/财务部', '王卉', '2014-07-01 00:00:00.000000', '2015-11-20 00:00:00.000000', '20151120之前采购物资');
INSERT INTO `adm_asset` VALUES ('67', '00000088', '', '佳能 MF8550彩色激光一体机', '', '8300', '1', '', '内容中心/总编室', '', '2014-07-01 00:00:00.000000', '2015-11-20 00:00:00.000000', '20151120之前采购物资');
INSERT INTO `adm_asset` VALUES ('68', '00000089', '华为', '华为三层交换机', '', '5500', '1', '', '公司层面', '', '2014-07-01 00:00:00.000000', '2015-11-20 00:00:00.000000', '20151120之前采购物资');
INSERT INTO `adm_asset` VALUES ('69', '00000090', '戴尔', '运营台式电脑', '', '5043', '1', '', '行政中心/办公室', '罗林海', '2014-07-01 00:00:00.000000', '2015-11-20 00:00:00.000000', '20151120之前采购物资');
INSERT INTO `adm_asset` VALUES ('70', '00000091', '戴尔', '运营台式电脑', '', '5043', '1', '', '行政中心/办公室', '', '2014-07-01 00:00:00.000000', '2015-11-20 00:00:00.000000', '20151120之前采购物资');
INSERT INTO `adm_asset` VALUES ('71', '00000092', '戴尔', '运营台式电脑', '', '5043', '1', '', '财务中心/财务部', '', '2014-07-01 00:00:00.000000', '2015-11-20 00:00:00.000000', '20151120之前采购物资');
INSERT INTO `adm_asset` VALUES ('72', '00000093', '戴尔', '运营台式电脑', '', '5043', '1', '', '人力资源中心/人力资源部', '秦婕', '2014-07-03 00:00:00.000000', '2015-11-20 00:00:00.000000', '20151120之前采购物资');
INSERT INTO `adm_asset` VALUES ('73', '00000094', '戴尔', '运营台式电脑', '', '5043', '1', '', '运营中心/地方频道部', '周中英', '2014-07-01 00:00:00.000000', '2015-11-20 00:00:00.000000', '20151120之前采购物资');
INSERT INTO `adm_asset` VALUES ('74', '00000095', '戴尔', '运营台式电脑', '', '5043', '1', '', '多彩宝', '王晓航', '2014-07-01 00:00:00.000000', '2015-11-20 00:00:00.000000', '20151120之前采购物资');
INSERT INTO `adm_asset` VALUES ('75', '00000096', '戴尔', '运营台式电脑', '', '5043', '1', '', '多彩宝', '吴婷', '2014-07-01 00:00:00.000000', '2015-11-20 00:00:00.000000', '20151120之前采购物资');
INSERT INTO `adm_asset` VALUES ('76', '00000100', '联想', '联想R4900d', '', '5900', '1', '', '技术中心/报废设备', '', '2014-08-07 00:00:00.000000', '2015-11-20 00:00:00.000000', '20151120之前采购物资');
INSERT INTO `adm_asset` VALUES ('77', '00000101', '联想', '联想R4900d', 'ES13532810', '5900', '1', '', '技术中心/运行维护部', '跳板机', '2014-08-07 00:00:00.000000', '2015-11-20 00:00:00.000000', '20151120之前采购物资');
INSERT INTO `adm_asset` VALUES ('78', '00000102', '联想', '联想R4900d', '', '5900', '1', '', '运营中心/贵阳分公司', '李易琳', '2014-09-12 00:00:00.000000', '2015-11-20 00:00:00.000000', '20151120之前采购物资');
INSERT INTO `adm_asset` VALUES ('79', '00000103', '联想', '联想R4900d', '', '5900', '1', '', '内容中心/总编室', '车璐', '2014-09-04 00:00:00.000000', '2015-11-20 00:00:00.000000', '20151120之前采购物资');
INSERT INTO `adm_asset` VALUES ('80', '00000104', '联想', '联想R4900d', '', '5900', '1', '', '行政中心/办公室', '胡智友', '2014-08-07 00:00:00.000000', '2015-11-20 00:00:00.000000', '20151120之前采购物资');
INSERT INTO `adm_asset` VALUES ('81', '00000105', '联想', '联想R4900d', '', '5900', '1', '', '人力资源中心/人力资源部', '魏竹', '2014-09-04 00:00:00.000000', '2015-11-20 00:00:00.000000', '20151120之前采购物资');
INSERT INTO `adm_asset` VALUES ('82', '00000106', '联想', '联想R4900d', '', '5900', '1', '', '人力资源中心/人力资源部', '袁军', '2014-09-04 00:00:00.000000', '2015-11-20 00:00:00.000000', '20151120之前采购物资');
INSERT INTO `adm_asset` VALUES ('83', '00000107', '联想', '联想R4900d', '', '5900', '1', '', '贵州电子商务云', '王琳磊', '2014-07-01 00:00:00.000000', '2015-11-20 00:00:00.000000', '20151120之前采购物资');
INSERT INTO `adm_asset` VALUES ('84', '00000108', '联想', '联想R4900d', '', '5900', '1', '', '贵州电子商务云', '梁亚芳', '2014-07-01 00:00:00.000000', '2015-11-20 00:00:00.000000', '20151120之前采购物资');
INSERT INTO `adm_asset` VALUES ('85', '00000109', '联想', '联想R4900d', '', '5900', '1', '', '贵州电子商务云', '汤智钦', '2014-07-01 00:00:00.000000', '2015-11-20 00:00:00.000000', '20151120之前采购物资');
INSERT INTO `adm_asset` VALUES ('86', '00000124', '联想', '联想R4900d', '', '6800', '1', '', '财务中心/财务部', '', '2014-08-15 00:00:00.000000', '2015-11-20 00:00:00.000000', '异常');
INSERT INTO `adm_asset` VALUES ('87', '00000125', '联想', '联想R4900d', '', '6800', '1', '', '内容中心/首页编辑组', '应腾', '2014-08-12 00:00:00.000000', '2015-11-20 00:00:00.000000', '20151120之前采购物资');
INSERT INTO `adm_asset` VALUES ('88', '00000141', '联想', '联想T4900v', '', '5690', '1', '', '技术中心/报废设备', '梁轶', '2014-09-03 00:00:00.000000', '2015-11-20 00:00:00.000000', '20151120之前采购物资');
INSERT INTO `adm_asset` VALUES ('89', '00000142', '联想', '联想T4900v', '', '5690', '1', '', '财务中心/财务部', '罗明霞', '2014-09-03 00:00:00.000000', '2015-11-20 00:00:00.000000', '20151120之前采购物资');
INSERT INTO `adm_asset` VALUES ('90', '00000143', '联想', '联想T4900v', '', '5690', '1', '', '技术中心/报废设备', '李茜', '2014-09-03 00:00:00.000000', '2015-11-20 00:00:00.000000', '20151120之前采购物资');
INSERT INTO `adm_asset` VALUES ('91', '00000145', '联想', '联想T4900v', '', '5690', '1', '', '内容中心/视觉组', '刘丽荣', '2014-09-03 00:00:00.000000', '2015-11-20 00:00:00.000000', '20151120之前采购物资');
INSERT INTO `adm_asset` VALUES ('92', '00000146', '联想', '联想T4900v', '', '5690', '1', '', '内容中心/采访一部', '李远莉', '2014-09-03 00:00:00.000000', '2015-11-20 00:00:00.000000', '20151120之前采购物资');
INSERT INTO `adm_asset` VALUES ('93', '00000147', '联想', '联想T4900v', '', '5690', '1', '', '多彩宝', '杨春霞', '2014-09-03 00:00:00.000000', '2015-11-20 00:00:00.000000', '20151120之前采购物资');
INSERT INTO `adm_asset` VALUES ('94', '00000148', '联想', '联想X310', '', '7700', '1', '', '运营中心/对外代维组', '周婷', '2014-07-01 00:00:00.000000', '2015-11-20 00:00:00.000000', '20151120之前采购物资');
INSERT INTO `adm_asset` VALUES ('95', '00000149', '联想', '联想X310', '', '7700', '1', '', '内容中心/中央编辑室', '薛冬', '2014-07-01 00:00:00.000000', '2015-11-20 00:00:00.000000', '20151120之前采购物资');
INSERT INTO `adm_asset` VALUES ('96', '00000150', '', 'tinkpad E440笔记本电脑', 'PF-03NTCC', '5650', '1', '', '运营中心/地方频道部', '', '2014-07-01 00:00:00.000000', '2015-11-20 00:00:00.000000', '20151120之前采购物资');
INSERT INTO `adm_asset` VALUES ('97', '00000154', '', '图腾A36042服务器机柜', '', '9200', '1', '', '公司层面', '', '2014-07-01 00:00:00.000000', '2015-11-20 00:00:00.000000', '20151120之前采购物资');
INSERT INTO `adm_asset` VALUES ('98', '00000155', '', '图腾A36042服务器机柜', '', '9200', '1', '', '公司层面', '', '2014-07-01 00:00:00.000000', '2015-11-20 00:00:00.000000', '20151120之前采购物资');
INSERT INTO `adm_asset` VALUES ('99', '00000156', '', '图腾AA26622网络机柜', '', '1700', '1', '', '贵州电子商务云', '潘一询', '2014-07-01 00:00:00.000000', '2015-11-20 00:00:00.000000', '20151120之前采购物资');
INSERT INTO `adm_asset` VALUES ('100', '00000157', '', 'SONY ILCE-6000微单相机', '', '4800', '1', '', '行政中心/办公室', '宋杰', '2014-07-01 00:00:00.000000', '2015-11-20 00:00:00.000000', '20151120之前采购物资');
INSERT INTO `adm_asset` VALUES ('101', '00000158', '', '联想T4900v', '', '5690', '1', '', '内容中心/舆情服务部', '苍璐', '2014-11-05 00:00:00.000000', '2015-11-20 00:00:00.000000', '20151120之前采购物资');
INSERT INTO `adm_asset` VALUES ('102', '00000159', '', 'brother HL-3150CDN激光打印机', '', '2350', '1', '', '财务中心/财务部', '', '2014-07-01 00:00:00.000000', '2015-11-20 00:00:00.000000', '20151120之前采购物资');
INSERT INTO `adm_asset` VALUES ('103', '00000165', '联想', '联想T4900v', 'BS03077769', '5800', '1', '', '运营中心/大扶贫频道', '陈迅', '2014-12-11 00:00:00.000000', '2015-11-20 00:00:00.000000', '20151120之前采购物资');
INSERT INTO `adm_asset` VALUES ('104', '00000166', '联想', '联想T4900v', '', '5800', '1', '', '运营中心/策划营销部', '徐书艺', '2014-12-02 00:00:00.000000', '2015-11-20 00:00:00.000000', '20151120之前采购物资');
INSERT INTO `adm_asset` VALUES ('105', '00000168', '联想', '联想T4900v', '', '5800', '1', '', '运营中心/策划营销部', '于泳水', '2014-12-02 00:00:00.000000', '2015-11-20 00:00:00.000000', '20151120之前采购物资');
INSERT INTO `adm_asset` VALUES ('106', '00000169', '', '三星SM-G3589W手机电信4G版', '', '1480', '1', '', '孔学堂', '', '2014-07-01 00:00:00.000000', '2015-11-20 00:00:00.000000', '20151120之前采购物资');
INSERT INTO `adm_asset` VALUES ('107', '00000170', '', '鸿合触屏电视OPS专用电脑', '', '6200', '1', '', '公司层面', '', '2014-07-01 00:00:00.000000', '2015-11-20 00:00:00.000000', '20151120之前采购物资');
INSERT INTO `adm_asset` VALUES ('108', '00000171', '', '鸿合I7035E触摸屏', '', '49800', '1', '', '公司层面', '', '2014-07-01 00:00:00.000000', '2015-11-20 00:00:00.000000', '20151120之前采购物资');
INSERT INTO `adm_asset` VALUES ('109', '00000172', '尼康', '尼康D7100（18-105mm）单反相机', '', '6690', '1', '', '内容中心/舆情服务部', '袁莉', '2014-07-01 00:00:00.000000', '2015-11-20 00:00:00.000000', '20151120之前采购物资');
INSERT INTO `adm_asset` VALUES ('110', '00000174', '', '联想YOGA3 11笔记本电脑', '', '5690', '1', '', '内容中心/舆情服务部', '袁莉', '2014-07-01 00:00:00.000000', '2015-11-20 00:00:00.000000', '20151120之前采购物资');
INSERT INTO `adm_asset` VALUES ('111', '00000175', '', '联想YOGA3 11笔记本电脑', 'MPNXB510801D', '5690', '1', '', '技术中心/库房', '', '2014-07-01 00:00:00.000000', '2015-11-20 00:00:00.000000', '20151120之前采购物资');
INSERT INTO `adm_asset` VALUES ('112', '00000176', '', '联想YOGA3 11笔记本电脑', '', '5690', '1', '', '人力资源中心/人力资源部', '', '2014-07-01 00:00:00.000000', '2015-11-20 00:00:00.000000', '20151120之前采购物资');
INSERT INTO `adm_asset` VALUES ('113', '00000177', '', 'brother HL-3150CDN激光打印机', '', '2350', '1', '', '财务中心/财务部', '', '2014-07-01 00:00:00.000000', '2015-11-20 00:00:00.000000', '20151120之前采购物资');
INSERT INTO `adm_asset` VALUES ('114', '00000179', '', '联想T4900v', '', '5800', '1', '', '运营中心/贵州手机报', '武江', '2015-02-05 00:00:00.000000', '2015-11-20 00:00:00.000000', '20151120之前采购物资');
INSERT INTO `adm_asset` VALUES ('115', '00000183', '', '佳能 MF8550彩色激光一体机', '', '8300', '1', '', '孔学堂', '', '2014-07-01 00:00:00.000000', '2015-11-20 00:00:00.000000', '20151120之前采购物资');
INSERT INTO `adm_asset` VALUES ('116', '00000184', '', 'brother HL-2240D黑白激光打印机', '', '970', '1', '', '孔学堂', '', '2014-07-01 00:00:00.000000', '2015-11-20 00:00:00.000000', '20151120之前采购物资');
INSERT INTO `adm_asset` VALUES ('117', '00000192', '', '尼康 D810相机', '', '17100', '1', '', '内容中心/摄像器材', '', '2014-07-01 00:00:00.000000', '2015-11-20 00:00:00.000000', '20151120之前采购物资');
INSERT INTO `adm_asset` VALUES ('118', '00000193', '', '尼康 D810相机', '9037242', '17100', '1', '', '内容中心/摄像器材', '', '2014-07-01 00:00:00.000000', '2015-11-20 00:00:00.000000', '20151120之前采购物资');
INSERT INTO `adm_asset` VALUES ('119', '00000194', '', '尼康 D810相机', '', '17100', '1', '', '内容中心/总编室', '黄盛裕', '2014-07-01 00:00:00.000000', '2015-11-20 00:00:00.000000', '20151120之前采购物资');
INSERT INTO `adm_asset` VALUES ('120', '00000195', '', '佳能EOS70D相机', '214057004800', '7700', '1', '', '运营中心/地方频道部', '', '2014-07-01 00:00:00.000000', '2015-11-20 00:00:00.000000', '20151120之前采购物资');
INSERT INTO `adm_asset` VALUES ('121', '00000196', '', '尼康17-35mm镜头', '', '11700', '1', '', '内容中心/采访一部', '张玥', '2014-07-01 00:00:00.000000', '2015-11-20 00:00:00.000000', '20151120之前采购物资');
INSERT INTO `adm_asset` VALUES ('122', '00000197', '', '尼康17-35mm镜头', '', '11700', '1', '', '内容中心/中央编辑室', '吴蔚', '2014-07-01 00:00:00.000000', '2015-11-20 00:00:00.000000', '20151120之前采购物资');
INSERT INTO `adm_asset` VALUES ('123', '00000198', '', '尼康24-70mm镜头', '', '10500', '1', '', '内容中心/总编室', '黄盛裕', '2014-07-01 00:00:00.000000', '2015-11-20 00:00:00.000000', '20151120之前采购物资');
INSERT INTO `adm_asset` VALUES ('124', '00000199', '', 'gopro hero4 black运动摄像机', '', '3880', '1', '', '内容中心/节目制作', '', '2014-07-01 00:00:00.000000', '2015-11-20 00:00:00.000000', '20151120之前采购物资');
INSERT INTO `adm_asset` VALUES ('125', '00000203', '', '松下AJ-PX298MC摄像机64G采集卡', '', '4250', '1', '', '内容中心/节目制作', '', '2014-07-01 00:00:00.000000', '2015-11-20 00:00:00.000000', '20151120之前采购物资');
INSERT INTO `adm_asset` VALUES ('126', '00000204', '', '松下AJ-PX298MC摄像机64G采集卡', '', '4250', '1', '', '内容中心/节目制作', '', '2014-07-01 00:00:00.000000', '2015-11-20 00:00:00.000000', '20151120之前采购物资');
INSERT INTO `adm_asset` VALUES ('127', '00000205', '', '松下AJ-PX298MC摄像机64G采集卡', '', '4250', '1', '', '内容中心/节目制作', '', '2014-07-01 00:00:00.000000', '2015-11-20 00:00:00.000000', '20151120之前采购物资');
INSERT INTO `adm_asset` VALUES ('128', '00000206', '', '松下AJ-PX298MC摄像机64G采集卡', '', '4250', '1', '', '内容中心/节目制作', '', '2014-07-01 00:00:00.000000', '2015-11-20 00:00:00.000000', '20151120之前采购物资');
INSERT INTO `adm_asset` VALUES ('129', '00000208', '', '松下AJ-PX298MC摄像机', '', '24600', '1', '', '内容中心/节目制作', '', '2014-07-01 00:00:00.000000', '2015-11-20 00:00:00.000000', '20151120之前采购物资');
INSERT INTO `adm_asset` VALUES ('130', '00000209', '', '松下AJ-PX298MC摄像机', '', '24600', '1', '', '内容中心/节目制作', '', '2014-07-01 00:00:00.000000', '2015-11-20 00:00:00.000000', '20151120之前采购物资');
INSERT INTO `adm_asset` VALUES ('131', '00000211', '', '联想R4900d', '', '6850', '1', '', '内容中心/理论评论部', '汤馥铭', '2015-04-29 00:00:00.000000', '2015-11-20 00:00:00.000000', '20151120之前采购物资');
INSERT INTO `adm_asset` VALUES ('132', '00000212', '', '联想R4900d', 'ES13945430', '6850', '1', '', '内容中心/节目制作', '柴睿', '2015-04-29 00:00:00.000000', '2015-11-20 00:00:00.000000', '20151120之前采购物资');
INSERT INTO `adm_asset` VALUES ('133', '00000213', '', 'DELL XPS8700', '', '8800', '1', '', '内容中心/文化文艺部', '郭瑾', '2014-07-01 00:00:00.000000', '2015-11-20 00:00:00.000000', '20151120之前采购物资');
INSERT INTO `adm_asset` VALUES ('134', '00000214', '', 'tinkpad E440笔记本电脑', 'PF-063KSW', '6300', '1', '', '运营中心/地方频道部', '', '2014-07-01 00:00:00.000000', '2015-11-20 00:00:00.000000', '20151120之前采购物资');
INSERT INTO `adm_asset` VALUES ('135', '00000215', '', 'iPhone6 16G手机', '', '4800', '1', '', '运营中心/贵州手机报', '杨柳', '2014-07-01 00:00:00.000000', '2015-11-20 00:00:00.000000', '20151120之前采购物资');
INSERT INTO `adm_asset` VALUES ('136', '00000216', '', 'iPhone6 16G手机', '', '4800', '1', '', '运营中心/贵州手机报', '杨柳', '2014-07-01 00:00:00.000000', '2015-11-20 00:00:00.000000', '20151120之前采购物资');
INSERT INTO `adm_asset` VALUES ('137', '00000217', '', 'iPhone6 16G手机', '', '4800', '1', '', '运营中心/贵州手机报', '杨柳', '2014-07-01 00:00:00.000000', '2015-11-20 00:00:00.000000', '20151120之前采购物资');
INSERT INTO `adm_asset` VALUES ('138', '00000218', '', '戴尔poweredgeR920服务器', '', '213962', '1', '', '公司层面', '', '2014-07-01 00:00:00.000000', '2015-11-20 00:00:00.000000', '20151120之前采购物资');
INSERT INTO `adm_asset` VALUES ('139', '00000219', '', '戴尔poweredgeR720服务器', '', '77423', '1', '', '公司层面', '', '2014-07-01 00:00:00.000000', '2015-11-20 00:00:00.000000', '20151120之前采购物资');
INSERT INTO `adm_asset` VALUES ('140', '00000220', '', '戴尔poweredgeR720服务器', '', '77423', '1', '', '公司层面', '', '2014-07-01 00:00:00.000000', '2015-11-20 00:00:00.000000', '20151120之前采购物资');
INSERT INTO `adm_asset` VALUES ('141', '00000221', '', '戴尔poweredgeR720服务器', '', '77423', '1', '', '公司层面', '', '2014-07-01 00:00:00.000000', '2015-11-20 00:00:00.000000', '20151120之前采购物资');
INSERT INTO `adm_asset` VALUES ('142', '00000222', '', '戴尔poweredgeR720服务器', '', '77423', '1', '', '公司层面', '', '2014-07-01 00:00:00.000000', '2015-11-20 00:00:00.000000', '20151120之前采购物资');
INSERT INTO `adm_asset` VALUES ('143', '00000223', '', '戴尔poweredgeR720服务器', '', '77423', '1', '', '公司层面', '', '2014-07-01 00:00:00.000000', '2015-11-20 00:00:00.000000', '20151120之前采购物资');
INSERT INTO `adm_asset` VALUES ('144', '00000224', '', '戴尔poweredgeR720服务器', '', '77423', '1', '', '公司层面', '', '2014-07-01 00:00:00.000000', '2015-11-20 00:00:00.000000', '20151120之前采购物资');
INSERT INTO `adm_asset` VALUES ('145', '00000225', '', '佳能 MF8550彩色激光一体机', '', '8500', '1', '', '多彩宝', '吴婷', '2014-07-01 00:00:00.000000', '2015-11-20 00:00:00.000000', '20151120之前采购物资');
INSERT INTO `adm_asset` VALUES ('146', '00000227', '', '兼容机', '', '5830', '1', '', '内容中心/采访二部', '杨昌鼎', '2014-07-01 00:00:00.000000', '2015-11-20 00:00:00.000000', '20151120之前采购物资');
INSERT INTO `adm_asset` VALUES ('147', '00000243', '', '佳能 MF8550彩色激光一体机', '', '8500', '1', '', '技术中心/运行维护部', '', '2014-07-01 00:00:00.000000', '2015-11-20 00:00:00.000000', '20151120之前采购物资');
INSERT INTO `adm_asset` VALUES ('148', '00000244', '', '联想T4900c', '', '6700', '1', '', '财务中心/财务部', '李茜', '2015-10-06 00:00:00.000000', '2015-11-20 00:00:00.000000', '20151120之前采购物资');
INSERT INTO `adm_asset` VALUES ('149', '00000245', '', '联想T4900c', '', '6700', '1', '', '行政中心/党员办公室', '毛绍金', '2015-10-06 00:00:00.000000', '2015-11-20 00:00:00.000000', '20151120之前采购物资');
INSERT INTO `adm_asset` VALUES ('150', '00000246', '', '联想T4900c', '', '6700', '1', '', '行政中心/办公室', '陈华飞', '2015-10-06 00:00:00.000000', '2015-11-20 00:00:00.000000', '20151120之前采购物资');
INSERT INTO `adm_asset` VALUES ('151', '00000247', '', '联想T4900c', '', '6700', '1', '', '行政中心/办公室', '安保室', '2015-10-06 00:00:00.000000', '2015-11-20 00:00:00.000000', '20151120之前采购物资');
INSERT INTO `adm_asset` VALUES ('152', '00000248', '', '联想T4900c', '', '6700', '1', '', '行政中心/办公室', '刘红中', '2015-10-06 00:00:00.000000', '2015-11-20 00:00:00.000000', '20151120之前采购物资');
INSERT INTO `adm_asset` VALUES ('153', '00000249', '', '联想T4900c', '', '6700', '1', '', '运营中心/地方频道部', '', '2015-10-06 00:00:00.000000', '2015-11-20 00:00:00.000000', '20151120之前采购物资');
INSERT INTO `adm_asset` VALUES ('154', '00000250', '', '联想T4900c', 'P501HUQA', '6700', '1', '', '运营中心/贵阳分公司', '张扬', '2015-10-06 00:00:00.000000', '2015-11-20 00:00:00.000000', '20151120之前采购物资');
INSERT INTO `adm_asset` VALUES ('155', '00000251', '', '联想T4900c', '', '6700', '1', '', '运营中心/对外代维组', '陈晓雪', '2015-10-06 00:00:00.000000', '2015-11-20 00:00:00.000000', '20151120之前采购物资');
INSERT INTO `adm_asset` VALUES ('156', '00000252', '', '联想T4900c', 'P501HUR2', '6700', '1', '', '多彩黔行', '邓应安', '2015-10-06 00:00:00.000000', '2015-11-20 00:00:00.000000', '20151120之前采购物资');
INSERT INTO `adm_asset` VALUES ('157', '00000253', '', '联想T4900c', '', '6700', '1', '', '运营中心/贵阳分公司', '单良', '2015-10-06 00:00:00.000000', '2015-11-20 00:00:00.000000', '20151120之前采购物资');
INSERT INTO `adm_asset` VALUES ('158', '00000254', '', '联想T4900C', '', '6050', '1', '', '多彩宝', '蔡荣', '2015-10-01 00:00:00.000000', '2015-10-01 00:00:00.000000', '办公设备201510-1');
INSERT INTO `adm_asset` VALUES ('159', '00000255', '', '联想T4900C', '', '6050', '1', '', '内容中心/总编室', '花维竺', '2015-12-03 00:00:00.000000', '2015-10-01 00:00:00.000000', '办公设备201510-1');
INSERT INTO `adm_asset` VALUES ('160', '00000256', '', '联想T4900c', '', '5070', '1', '', '内容中心/官号编辑组', '毕圣', '2015-12-03 00:00:00.000000', '2015-10-01 00:00:00.000000', '办公设备201510-1');
INSERT INTO `adm_asset` VALUES ('161', '00000257', '', '联想T4900c', '', '5070', '1', '', '人力资源中心/人力资源部', '彭睿', '2015-12-03 00:00:00.000000', '2015-12-03 00:00:00.000000', '办公设备201510-1');
INSERT INTO `adm_asset` VALUES ('162', '00000258', '', '联想T4900c', '', '5070', '1', '', '内容中心/新媒体编辑组', '付亚尧', '2015-10-01 00:00:00.000000', '2015-10-01 00:00:00.000000', '办公设备201510-1');
INSERT INTO `adm_asset` VALUES ('163', '00000259', '', '联想T4900C', '', '5070', '1', '', '内容中心/文化文艺部', '田娇', '2015-10-01 00:00:00.000000', '2015-10-01 00:00:00.000000', '办公设备201510-1');
INSERT INTO `adm_asset` VALUES ('164', '00000260', '', '联想T4900C', '', '5070', '1', '', '内容中心/总编室', '田钰琳', '2015-12-03 00:00:00.000000', '2015-10-01 00:00:00.000000', '办公设备201510-1');
INSERT INTO `adm_asset` VALUES ('165', '00000262', '', '联想T4900C', '', '5070', '1', '', '多彩宝', '李丹', '2015-10-01 00:00:00.000000', '2015-10-01 00:00:00.000000', '办公设备201510-1');
INSERT INTO `adm_asset` VALUES ('166', '00000263', '', '联想T4900C', '', '5070', '1', '', '多彩宝', '杨鸿运', '2015-10-01 00:00:00.000000', '2015-10-01 00:00:00.000000', '办公设备201510-1');
INSERT INTO `adm_asset` VALUES ('167', '00000264', '', '联想T4900C', '', '5070', '1', '', '多彩宝', '罗利', '2015-10-01 00:00:00.000000', '2015-10-01 00:00:00.000000', '办公设备201510-1');
INSERT INTO `adm_asset` VALUES ('168', '00000265', '', '联想T4900C', '', '5070', '1', '', '多彩宝', '吴洋', '2015-10-01 00:00:00.000000', '2015-10-01 00:00:00.000000', '办公设备201510-1');
INSERT INTO `adm_asset` VALUES ('169', '00000266', '', '联想T4900C', '', '5070', '1', '', '内容中心/总编室', '娄清青', '2015-12-03 00:00:00.000000', '2015-10-01 00:00:00.000000', '办公设备201510-1');
INSERT INTO `adm_asset` VALUES ('170', '00000267', '', '联想T4900c', 'M901XBBH', '5070', '1', '', '技术中心/运行维护部', '监控室', '2015-12-03 00:00:00.000000', '2015-10-01 00:00:00.000000', '办公设备201510-1');
INSERT INTO `adm_asset` VALUES ('171', '00000268', '', 'DIY高配图形工作电脑', '', '32990', '1', '', '内容中心/节目制作', '王华', '2015-10-01 00:00:00.000000', '2015-10-01 00:00:00.000000', '办公设备201510-1');
INSERT INTO `adm_asset` VALUES ('172', '00000269', '', 'DIY办公电脑', '', '5990', '1', '', '技术中心/运行维护部', '艾禹夫', '2015-10-01 00:00:00.000000', '2015-10-01 00:00:00.000000', '办公设备201510-1');
INSERT INTO `adm_asset` VALUES ('173', '00000270', '', '尼康 D810相机', '', '39350', '1', '', '内容中心/文化文艺部', '张超', '2015-10-01 00:00:00.000000', '2015-10-01 00:00:00.000000', '办公设备201510-1');
INSERT INTO `adm_asset` VALUES ('174', '00000271', '', '联想ThinkPad T450', '', '5720', '1', '', '人力资源中心/人力资源部', '', '2015-10-01 00:00:00.000000', '2015-10-01 00:00:00.000000', '办公设备201510-1');
INSERT INTO `adm_asset` VALUES ('175', '00000272', '', 'DELL XPS8900', '', '9010', '1', '', '内容中心/视觉组', '卿杨', '2015-10-01 00:00:00.000000', '2015-10-01 00:00:00.000000', '办公设备201510-1');
INSERT INTO `adm_asset` VALUES ('176', '00000273', '', '联想ThinkPad E550笔记本电脑', '', '5000', '1', '', '多彩黔行', '谢丽娟', '2015-12-02 00:00:00.000000', '2015-12-02 00:00:00.000000', '旅游频道办公设备（201512-2）');
INSERT INTO `adm_asset` VALUES ('177', '00000274', '', '联想ThinkPad E550笔记本电脑', 'JVHFC1', '5000', '1', '', '多彩黔行', '', '2015-12-02 00:00:00.000000', '2015-12-02 00:00:00.000000', '旅游频道办公设备（201512-2）');
INSERT INTO `adm_asset` VALUES ('178', '00000275', '', '佳能数码相机70D/18-135', '254058001320', '7980', '1', '', '多彩黔行', '夏俊杰', '2015-12-02 00:00:00.000000', '2015-12-02 00:00:00.000000', '旅游频道办公设备（201512-2）');
INSERT INTO `adm_asset` VALUES ('179', '00000276', '', '联想Thinkpad E460', '', '6400', '1', '', '内容中心/理论评论部', '吴迪', '2016-02-01 00:00:00.000000', '2016-02-01 00:00:00.000000', '');
INSERT INTO `adm_asset` VALUES ('180', '00000277', '', '联想Thinkpad E460', 'PF-0DG7CG', '6400', '1', '', '内容中心/采访一部', '', '2016-02-01 00:00:00.000000', '2016-02-01 00:00:00.000000', '');
INSERT INTO `adm_asset` VALUES ('181', '00000278', '', '联想Thinkpad E460', 'PE-0E1STG', '6400', '1', '', '内容中心/采访一部', '', '2016-02-01 00:00:00.000000', '2016-02-01 00:00:00.000000', '');
INSERT INTO `adm_asset` VALUES ('182', '00000279', '', '联想Thinkpad E460', 'PE-0E1SZU', '6400', '1', '', '内容中心/采访一部', '', '2016-02-01 00:00:00.000000', '2016-02-01 00:00:00.000000', '');
INSERT INTO `adm_asset` VALUES ('183', '00000280', '', '大疆悟无人机套件', '', '27206', '1', '', '内容中心/采访二部', '徐昆', '2016-03-01 00:00:00.000000', '2016-03-01 00:00:00.000000', '(2016年3月零散采购设备-01)');
INSERT INTO `adm_asset` VALUES ('184', '00000281', '微软', 'Surface Pro4', '', '8180', '1', '', '内容中心/首页编辑组', '汪明刚', '2016-03-01 00:00:00.000000', '2016-03-01 00:00:00.000000', '(2016年3月零散采购设备-01)');
INSERT INTO `adm_asset` VALUES ('185', '00000282', '', 'ipad mini2(16G)', '', '2885', '1', '', '内容中心/采访二部', '徐昆', '2016-03-01 00:00:00.000000', '2016-03-01 00:00:00.000000', '(2016年3月零散采购设备-01)');
INSERT INTO `adm_asset` VALUES ('186', '00000283', '', 'ipad mini2(16G)', '', '2885', '1', '', '内容中心/采访二部', '徐昆', '2016-03-01 00:00:00.000000', '2016-03-01 00:00:00.000000', '(2016年3月零散采购设备-01)');
INSERT INTO `adm_asset` VALUES ('187', '00000284', '', '戴尔optiplex3020MT', '', '6280', '1', '', '运营中心/贵州手机报', '杨柳', '2016-04-01 00:00:00.000000', '2016-04-01 00:00:00.000000', '多彩贵州网有限责任公司用户终端及公用设备采购项目（201604-1）');
INSERT INTO `adm_asset` VALUES ('188', '00000285', '', '戴尔optiplex3020MT', '', '6280', '1', '', '运营中心/贵州手机报', '王文峰', '2016-04-01 00:00:00.000000', '2016-04-01 00:00:00.000000', '多彩贵州网有限责任公司用户终端及公用设备采购项目（201604-1）');
INSERT INTO `adm_asset` VALUES ('189', '00000286', '', '戴尔optiplex3020MT', '', '6280', '1', '', '运营中心/贵州手机报', '仝心', '2016-04-01 00:00:00.000000', '2016-04-01 00:00:00.000000', '多彩贵州网有限责任公司用户终端及公用设备采购项目（201604-1）');
INSERT INTO `adm_asset` VALUES ('190', '00000287', '', '戴尔optiplex3020MT', '', '6280', '1', '', '内容中心/文化文艺部', '肖珊', '2016-04-01 00:00:00.000000', '2016-04-01 00:00:00.000000', '多彩贵州网有限责任公司用户终端及公用设备采购项目（201604-1）');
INSERT INTO `adm_asset` VALUES ('191', '00000288', '', '戴尔optiplex3020MT', '', '6280', '1', '', '内容中心/文化文艺部', '张超', '2016-04-01 00:00:00.000000', '2016-04-01 00:00:00.000000', '多彩贵州网有限责任公司用户终端及公用设备采购项目（201604-1）');
INSERT INTO `adm_asset` VALUES ('192', '00000289', '', '戴尔optiplex3020MT', '', '6280', '1', '', '内容中心/总编室', '陈文坤', '2016-04-01 00:00:00.000000', '2016-04-01 00:00:00.000000', '多彩贵州网有限责任公司用户终端及公用设备采购项目（201604-1）');
INSERT INTO `adm_asset` VALUES ('193', '00000290', '', '戴尔optiplex3020MT', '', '6280', '1', '', '内容中心/科教新闻组', '吴思晶', '2016-04-01 00:00:00.000000', '2016-04-01 00:00:00.000000', '多彩贵州网有限责任公司用户终端及公用设备采购项目（201604-1）');
INSERT INTO `adm_asset` VALUES ('194', '00000291', '', '戴尔optiplex3020MT', '', '6280', '1', '', '内容中心/经济新闻部', '杨雪', '2016-04-01 00:00:00.000000', '2016-04-01 00:00:00.000000', '多彩贵州网有限责任公司用户终端及公用设备采购项目（201604-1）');
INSERT INTO `adm_asset` VALUES ('195', '00000292', '', '戴尔optiplex3020MT', '', '6280', '1', '', '内容中心/经济新闻部', '', '2016-04-01 00:00:00.000000', '2016-04-01 00:00:00.000000', '多彩贵州网有限责任公司用户终端及公用设备采购项目（201604-1）');
INSERT INTO `adm_asset` VALUES ('196', '00000293', '', '戴尔optiplex3020MT', '', '6280', '1', '', '运营中心/对外代维组', '王滢鱼', '2016-04-01 00:00:00.000000', '2016-04-01 00:00:00.000000', '多彩贵州网有限责任公司用户终端及公用设备采购项目（201604-1）');
INSERT INTO `adm_asset` VALUES ('197', '00000294', '', '戴尔optiplex3020MT', '', '6280', '1', '', '内容中心/官号编辑组', '安轶伦', '2016-04-01 00:00:00.000000', '2016-04-01 00:00:00.000000', '多彩贵州网有限责任公司用户终端及公用设备采购项目（201604-1）');
INSERT INTO `adm_asset` VALUES ('198', '00000295', '', '戴尔optiplex3020MT', '', '6280', '1', '', '内容中心/官号编辑组', '麦姣', '2016-04-01 00:00:00.000000', '2016-04-01 00:00:00.000000', '多彩贵州网有限责任公司用户终端及公用设备采购项目（201604-1）');
INSERT INTO `adm_asset` VALUES ('199', '00000296', '', '戴尔optiplex3020MT', 'DPMDDC2', '6280', '1', '', '内容中心/官号编辑组', '本部门', '2016-04-01 00:00:00.000000', '2016-04-01 00:00:00.000000', '多彩贵州网有限责任公司用户终端及公用设备采购项目（201604-1）');
INSERT INTO `adm_asset` VALUES ('200', '00000297', '', '戴尔optiplex3020MT', '', '6280', '1', '', '内容中心/官号编辑组', '涂冬', '2016-04-01 00:00:00.000000', '2016-04-01 00:00:00.000000', '多彩贵州网有限责任公司用户终端及公用设备采购项目（201604-1）');
INSERT INTO `adm_asset` VALUES ('201', '00000298', '', '戴尔optiplex3020MT', '', '6280', '1', '', '运营中心/对外代维组', '陈晔', '2016-04-01 00:00:00.000000', '2016-04-01 00:00:00.000000', '多彩贵州网有限责任公司用户终端及公用设备采购项目（201604-1）');
INSERT INTO `adm_asset` VALUES ('202', '00000299', '', '戴尔optiplex3020MT', '', '6280', '1', '', '内容中心/采访一部', '熊莺', '2016-04-01 00:00:00.000000', '2016-04-01 00:00:00.000000', '多彩贵州网有限责任公司用户终端及公用设备采购项目（201604-1）');
INSERT INTO `adm_asset` VALUES ('203', '00000300', '', '戴尔optiplex3020MT', '', '6280', '1', '', '内容中心/采访一部', '张玥', '2016-04-01 00:00:00.000000', '2016-04-01 00:00:00.000000', '多彩贵州网有限责任公司用户终端及公用设备采购项目（201604-1）');
INSERT INTO `adm_asset` VALUES ('204', '00000301', '', '戴尔optiplex3020MT', '', '6280', '1', '', '内容中心/官号编辑组', '章瑶', '2016-04-01 00:00:00.000000', '2016-04-01 00:00:00.000000', '多彩贵州网有限责任公司用户终端及公用设备采购项目（201604-1）');
INSERT INTO `adm_asset` VALUES ('205', '00000302', '', '戴尔optiplex3020MT', '', '6280', '1', '', '内容中心/采访二部', '杨艳', '2016-04-01 00:00:00.000000', '2016-04-01 00:00:00.000000', '多彩贵州网有限责任公司用户终端及公用设备采购项目（201604-1）');
INSERT INTO `adm_asset` VALUES ('206', '00000303', '', '戴尔optiplex3020MT', '', '6280', '1', '', '内容中心/时事新闻组', '陈传耀', '2016-04-01 00:00:00.000000', '2016-04-01 00:00:00.000000', '多彩贵州网有限责任公司用户终端及公用设备采购项目（201604-1）');
INSERT INTO `adm_asset` VALUES ('207', '00000304', '', '戴尔optiplex3020MT', '', '6280', '1', '', '内容中心/时事新闻组', '龚煦翔', '2016-04-01 00:00:00.000000', '2016-04-01 00:00:00.000000', '多彩贵州网有限责任公司用户终端及公用设备采购项目（201604-1）');
INSERT INTO `adm_asset` VALUES ('208', '00000305', '', '戴尔optiplex3020MT', '', '6280', '1', '', '内容中心/采访二部', '宋玟瑾', '2016-04-01 00:00:00.000000', '2016-04-01 00:00:00.000000', '多彩贵州网有限责任公司用户终端及公用设备采购项目（201604-1）');
INSERT INTO `adm_asset` VALUES ('209', '00000306', '', '戴尔optiplex3020MT', '', '6280', '1', '', '内容中心/采访一部', '程曦', '2016-04-01 00:00:00.000000', '2016-04-01 00:00:00.000000', '多彩贵州网有限责任公司用户终端及公用设备采购项目（201604-1）');
INSERT INTO `adm_asset` VALUES ('210', '00000307', '', '戴尔optiplex3020MT', '', '6280', '1', '', '内容中心/文明网项目组', '向滟伶', '2016-04-01 00:00:00.000000', '2016-04-01 00:00:00.000000', '多彩贵州网有限责任公司用户终端及公用设备采购项目（201604-1）');
INSERT INTO `adm_asset` VALUES ('211', '00000308', '', '戴尔optiplex3020MT', '', '6280', '1', '', '内容中心/文明网项目组', '王珏', '2016-04-01 00:00:00.000000', '2016-04-01 00:00:00.000000', '多彩贵州网有限责任公司用户终端及公用设备采购项目（201604-1）');
INSERT INTO `adm_asset` VALUES ('212', '00000309', '', '戴尔optiplex3020MT', '', '6280', '1', '', '内容中心/文明网项目组', '薛冠群', '2016-04-01 00:00:00.000000', '2016-04-01 00:00:00.000000', '多彩贵州网有限责任公司用户终端及公用设备采购项目（201604-1）');
INSERT INTO `adm_asset` VALUES ('213', '00000310', '', '戴尔optiplex3020MT', '', '6280', '1', '', '内容中心/文明网项目组', '赵来叡', '2016-04-01 00:00:00.000000', '2016-04-01 00:00:00.000000', '多彩贵州网有限责任公司用户终端及公用设备采购项目（201604-1）');
INSERT INTO `adm_asset` VALUES ('214', '00000311', '', '戴尔optiplex3020MT', '', '6280', '1', '', '内容中心/总编室', '罗婧', '2016-04-01 00:00:00.000000', '2016-04-01 00:00:00.000000', '多彩贵州网有限责任公司用户终端及公用设备采购项目（201604-1）');
INSERT INTO `adm_asset` VALUES ('215', '00000312', '', '戴尔optiplex3020MT', '', '6280', '1', '', '公司领导', '张幼琪', '2016-04-01 00:00:00.000000', '2016-04-01 00:00:00.000000', '多彩贵州网有限责任公司用户终端及公用设备采购项目（201604-1）');
INSERT INTO `adm_asset` VALUES ('216', '00000313', '', '戴尔optiplex3020MT', '', '6280', '1', '', '内容中心/中央编辑室', '季寅妮', '2016-04-01 00:00:00.000000', '2016-04-01 00:00:00.000000', '多彩贵州网有限责任公司用户终端及公用设备采购项目（201604-1）');
INSERT INTO `adm_asset` VALUES ('217', '00000314', '', '戴尔optiplex3020MT', '', '6280', '1', '', '内容中心/中央编辑室', '李蓓', '2016-04-01 00:00:00.000000', '2016-04-01 00:00:00.000000', '多彩贵州网有限责任公司用户终端及公用设备采购项目（201604-1）');
INSERT INTO `adm_asset` VALUES ('218', '00000315', '', '戴尔optiplex3020MT', '', '6280', '1', '', '内容中心/首页编辑组', '赵兴智', '2016-04-01 00:00:00.000000', '2016-04-01 00:00:00.000000', '多彩贵州网有限责任公司用户终端及公用设备采购项目（201604-1）');
INSERT INTO `adm_asset` VALUES ('219', '00000316', '', '戴尔optiplex3020MT', '', '6280', '1', '', '内容中心/时事新闻组', '汤成伟', '2016-04-01 00:00:00.000000', '2016-04-01 00:00:00.000000', '多彩贵州网有限责任公司用户终端及公用设备采购项目（201604-1）');
INSERT INTO `adm_asset` VALUES ('220', '00000317', '', '戴尔optiplex3020MT', '', '6280', '1', '', '内容中心/时事新闻组', '秦美虹', '2016-04-01 00:00:00.000000', '2016-04-01 00:00:00.000000', '多彩贵州网有限责任公司用户终端及公用设备采购项目（201604-1）');
INSERT INTO `adm_asset` VALUES ('221', '00000318', '', '戴尔optiplex3020MT', '', '6280', '1', '', '内容中心/总编室', '李青', '2016-04-01 00:00:00.000000', '2016-04-01 00:00:00.000000', '多彩贵州网有限责任公司用户终端及公用设备采购项目（201604-1）,内容产品研发室，赵某在用');
INSERT INTO `adm_asset` VALUES ('222', '00000319', '', '戴尔optiplex3020MT', 'DP6HDC2', '6280', '1', '', '行政中心/办公室', '档案查阅室', '2016-04-01 00:00:00.000000', '2016-04-01 00:00:00.000000', '多彩贵州网有限责任公司用户终端及公用设备采购项目（201604-1）');
INSERT INTO `adm_asset` VALUES ('223', '00000320', '', '戴尔optiplex3020MT', '', '6280', '1', '', '内容中心/视觉组', '唐云云', '2016-04-01 00:00:00.000000', '2016-04-01 00:00:00.000000', '多彩贵州网有限责任公司用户终端及公用设备采购项目（201604-1）');
INSERT INTO `adm_asset` VALUES ('224', '00000321', '', '戴尔optiplex3020MT', 'DQZKDC2', '6280', '1', '', '技术中心/库房', '吴静秋', '2016-04-01 00:00:00.000000', '2016-04-01 00:00:00.000000', '多彩贵州网有限责任公司用户终端及公用设备采购项目（201604-1）');
INSERT INTO `adm_asset` VALUES ('225', '00000322', '', '戴尔optiplex3020MT', 'DQSDDC2', '6280', '1', '', '技术中心/运行维护部', '代成鸿', '2016-04-01 00:00:00.000000', '2016-04-01 00:00:00.000000', '多彩贵州网有限责任公司用户终端及公用设备采购项目（201604-1）');
INSERT INTO `adm_asset` VALUES ('226', '00000323', '', '戴尔optiplex3020MT', '', '6280', '1', '', '内容中心/舆情服务部', '袁莉', '2016-04-01 00:00:00.000000', '2016-04-01 00:00:00.000000', '多彩贵州网有限责任公司用户终端及公用设备采购项目（201604-1）');
INSERT INTO `adm_asset` VALUES ('227', '00000324', '', '戴尔optiplex3020MT', '', '6280', '1', '', '内容中心/舆情服务部', '谢雨君', '2016-04-01 00:00:00.000000', '2016-04-01 00:00:00.000000', '多彩贵州网有限责任公司用户终端及公用设备采购项目（201604-1）');
INSERT INTO `adm_asset` VALUES ('228', '00000325', '', '戴尔optiplex3020MT', '', '6280', '1', '', '内容中心/理论评论部', '李奕衡', '2016-04-01 00:00:00.000000', '2016-04-01 00:00:00.000000', '多彩贵州网有限责任公司用户终端及公用设备采购项目（201604-1）');
INSERT INTO `adm_asset` VALUES ('229', '00000326', '', '戴尔optiplex3020MT', '', '6280', '1', '', '运营中心/对外代维组', '张奕', '2016-04-01 00:00:00.000000', '2016-04-01 00:00:00.000000', '多彩贵州网有限责任公司用户终端及公用设备采购项目（201604-1）');
INSERT INTO `adm_asset` VALUES ('230', '00000327', '', '戴尔optiplex3020MT', '', '6280', '1', '', '技术中心/运行维护部', '周凯', '2016-04-01 00:00:00.000000', '2016-04-01 00:00:00.000000', '多彩贵州网有限责任公司用户终端及公用设备采购项目（201604-1）');
INSERT INTO `adm_asset` VALUES ('231', '00000328', '', '戴尔optiplex3020MT', 'DQXHDC2', '6280', '1', '', '技术中心/运行维护部', '监控室', '2016-04-01 00:00:00.000000', '2016-04-01 00:00:00.000000', '多彩贵州网有限责任公司用户终端及公用设备采购项目（201604-1）');
INSERT INTO `adm_asset` VALUES ('232', '00000329', '', '戴尔optiplex3020MT', '', '6280', '1', '', '财务中心/财务部', '杨云', '2016-04-01 00:00:00.000000', '2016-04-01 00:00:00.000000', '多彩贵州网有限责任公司用户终端及公用设备采购项目（201604-1）');
INSERT INTO `adm_asset` VALUES ('233', '00000330', '', '戴尔optiplex3020MT', '', '6280', '1', '', '行政中心/党员办公室', '周贤龙', '2016-04-01 00:00:00.000000', '2016-04-01 00:00:00.000000', '多彩贵州网有限责任公司用户终端及公用设备采购项目（201604-1）');
INSERT INTO `adm_asset` VALUES ('234', '00000331', '', '戴尔optiplex3020MT', '', '6280', '1', '', '内容中心/总编室', '黄盛裕', '2016-04-01 00:00:00.000000', '2016-04-01 00:00:00.000000', '多彩贵州网有限责任公司用户终端及公用设备采购项目（201604-1）');
INSERT INTO `adm_asset` VALUES ('235', '00000332', '', '戴尔optiplex3020MT', '', '6280', '1', '', '多彩宝', '', '2016-04-01 00:00:00.000000', '2016-04-01 00:00:00.000000', '多彩贵州网有限责任公司用户终端及公用设备采购项目（201604-1）');
INSERT INTO `adm_asset` VALUES ('236', '00000333', '', '戴尔optiplex3020MT', '', '6280', '1', '', '多彩宝', '', '2016-04-01 00:00:00.000000', '2016-04-01 00:00:00.000000', '多彩贵州网有限责任公司用户终端及公用设备采购项目（201604-1）');
INSERT INTO `adm_asset` VALUES ('237', '00000334', '', '戴尔optiplex3020MT', '', '6280', '1', '', '多彩宝', '', '2016-04-01 00:00:00.000000', '2016-04-01 00:00:00.000000', '多彩贵州网有限责任公司用户终端及公用设备采购项目（201604-1）');
INSERT INTO `adm_asset` VALUES ('238', '00000335', '', '戴尔optiplex3020MT', '', '6280', '1', '', '多彩宝', '', '2016-04-01 00:00:00.000000', '2016-04-01 00:00:00.000000', '多彩贵州网有限责任公司用户终端及公用设备采购项目（201604-1）');
INSERT INTO `adm_asset` VALUES ('239', '00000336', '', '戴尔optiplex3020MT', '', '6280', '1', '', '多彩宝', '', '2016-04-01 00:00:00.000000', '2016-04-01 00:00:00.000000', '多彩贵州网有限责任公司用户终端及公用设备采购项目（201604-1）');
INSERT INTO `adm_asset` VALUES ('240', '00000337', '', '戴尔optiplex3020MT', '', '6280', '1', '', '多彩宝', '', '2016-04-01 00:00:00.000000', '2016-04-01 00:00:00.000000', '多彩贵州网有限责任公司用户终端及公用设备采购项目（201604-1）');
INSERT INTO `adm_asset` VALUES ('241', '00000338', '', '戴尔optiplex3020MT', '', '6280', '1', '', '多彩宝', '', '2016-04-01 00:00:00.000000', '2016-04-01 00:00:00.000000', '多彩贵州网有限责任公司用户终端及公用设备采购项目（201604-1）');
INSERT INTO `adm_asset` VALUES ('242', '00000339', '', '戴尔optiplex3020MT', '', '6280', '1', '', '多彩品牌网', '杨威', '2016-04-01 00:00:00.000000', '2016-04-01 00:00:00.000000', '多彩贵州网有限责任公司用户终端及公用设备采购项目（201604-1）');
INSERT INTO `adm_asset` VALUES ('243', '00000340', '', '戴尔optiplex3020MT', 'DPLJDC2', '6280', '1', '', '运营中心/法制贵州网', '田建红', '2016-04-01 00:00:00.000000', '2016-04-01 00:00:00.000000', '多彩贵州网有限责任公司用户终端及公用设备采购项目（201604-1）');
INSERT INTO `adm_asset` VALUES ('244', '00000341', '', '戴尔optiplex3020MT', '', '6280', '1', '', '运营中心/大扶贫频道', '孙斌', '2016-04-01 00:00:00.000000', '2016-04-01 00:00:00.000000', '多彩贵州网有限责任公司用户终端及公用设备采购项目（201604-1）');
INSERT INTO `adm_asset` VALUES ('245', '00000342', '', '戴尔optiplex3020MT', '', '6280', '1', '', '运营中心/大健康频道', '简薏晔', '2016-04-01 00:00:00.000000', '2016-04-01 00:00:00.000000', '多彩贵州网有限责任公司用户终端及公用设备采购项目（201604-1）');
INSERT INTO `adm_asset` VALUES ('246', '00000343', '', '戴尔optiplex3020MT', '', '6280', '1', '', '运营中心/地方频道部', '周泓洁', '2016-04-01 00:00:00.000000', '2016-04-01 00:00:00.000000', '多彩贵州网有限责任公司用户终端及公用设备采购项目（201604-1）');
INSERT INTO `adm_asset` VALUES ('247', '00000344', '', '戴尔optiplex3020MT', 'DQWJDC2', '6280', '1', '', '运营中心/法制贵州网', '', '2016-04-01 00:00:00.000000', '2016-04-01 00:00:00.000000', '多彩贵州网有限责任公司用户终端及公用设备采购项目（201604-1）');
INSERT INTO `adm_asset` VALUES ('248', '00000345', '', '戴尔optiplex3020MT', 'DPVBDC2', '6280', '1', '', '运营中心/法制贵州网', '宁坤昊', '2016-04-01 00:00:00.000000', '2016-04-01 00:00:00.000000', '多彩贵州网有限责任公司用户终端及公用设备采购项目（201604-1）');
INSERT INTO `adm_asset` VALUES ('249', '00000346', '', '戴尔optiplex3020MT', 'DQXKDC2', '6280', '1', '', '运营中心/法制贵州网', '', '2016-04-01 00:00:00.000000', '2016-04-01 00:00:00.000000', '多彩贵州网有限责任公司用户终端及公用设备采购项目（201604-1）');
INSERT INTO `adm_asset` VALUES ('250', '00000347', '', '戴尔optiplex3020MT', 'DQRKDC2', '6280', '1', '', '运营中心/大扶贫频道', '刘力华', '2016-04-01 00:00:00.000000', '2016-04-01 00:00:00.000000', '多彩贵州网有限责任公司用户终端及公用设备采购项目（201604-1）');
INSERT INTO `adm_asset` VALUES ('251', '00000348', '', '戴尔optiplex3020MT', 'DQXGDC2', '6280', '1', '', '内容中心/节目制作', '朱若岚', '2016-04-01 00:00:00.000000', '2016-04-01 00:00:00.000000', '多彩贵州网有限责任公司用户终端及公用设备采购项目（201604-1）');
INSERT INTO `adm_asset` VALUES ('252', '00000349', '', '苹果IMC MK472CN/A一体机', '', '13680', '1', '', '公司领导', '晏世忠', '2016-04-01 00:00:00.000000', '2016-04-01 00:00:00.000000', '多彩贵州网有限责任公司用户终端及公用设备采购项目（201604-1）');
INSERT INTO `adm_asset` VALUES ('253', '00000350', '', '佳能IR-5255C彩色数码打印机', '', '152800', '1', '', '行政中心/办公室', '', '2016-04-01 00:00:00.000000', '2016-04-01 00:00:00.000000', '多彩贵州网有限责任公司用户终端及公用设备采购项目（201604-1）');
INSERT INTO `adm_asset` VALUES ('254', '00000363', '', '格力150L CF3.8BDE除湿器', '', '7150', '1', '', '公司层面', '', '2016-04-01 00:00:00.000000', '2016-04-01 00:00:00.000000', '多彩贵州网有限责任公司用户终端及公用设备采购项目（201604-1）');
INSERT INTO `adm_asset` VALUES ('255', '00000364', '', '格力150L CF3.8BDE除湿器', '', '7150', '1', '', '公司层面', '', '2016-04-01 00:00:00.000000', '2016-04-01 00:00:00.000000', '多彩贵州网有限责任公司用户终端及公用设备采购项目（201604-1）');
INSERT INTO `adm_asset` VALUES ('256', '00000365', '', '戴尔latitude3470（I5）', '', '4980', '1', '', '内容中心/文化文艺部', '', '2016-04-01 00:00:00.000000', '2016-04-01 00:00:00.000000', '多彩贵州网有限责任公司用户终端及公用设备采购项目（201604-1）');
INSERT INTO `adm_asset` VALUES ('257', '00000366', '', '戴尔latitude3470（I5）', '', '4980', '1', '', '内容中心/文化文艺部', '', '2016-04-01 00:00:00.000000', '2016-04-01 00:00:00.000000', '多彩贵州网有限责任公司用户终端及公用设备采购项目（201604-1）');
INSERT INTO `adm_asset` VALUES ('258', '00000367', '', '戴尔latitude3470（I5）', '', '4980', '1', '', '内容中心/总编室', '', '2016-04-01 00:00:00.000000', '2016-04-01 00:00:00.000000', '多彩贵州网有限责任公司用户终端及公用设备采购项目（201604-1）');
INSERT INTO `adm_asset` VALUES ('259', '00000368', '', '戴尔latitude3470（I5）', '', '4980', '1', '', '内容中心/总编室', '', '2016-04-01 00:00:00.000000', '2016-04-01 00:00:00.000000', '多彩贵州网有限责任公司用户终端及公用设备采购项目（201604-1）');
INSERT INTO `adm_asset` VALUES ('260', '00000369', '', '戴尔latitude3470（I7）', '', '6430', '1', '', '内容中心/总编室', '', '2016-04-01 00:00:00.000000', '2016-04-01 00:00:00.000000', '多彩贵州网有限责任公司用户终端及公用设备采购项目（201604-1）');
INSERT INTO `adm_asset` VALUES ('261', '00000370', '', '戴尔-R730', '', '60870', '1', '', '公司层面', '', '2016-04-01 00:00:00.000000', '2016-04-01 00:00:00.000000', '多彩贵州网有限责任公司用户终端及公用设备采购项目（201604-1）');
INSERT INTO `adm_asset` VALUES ('262', '00000371', '', '戴尔-R730', '', '60870', '1', '', '公司层面', '', '2016-04-01 00:00:00.000000', '2016-04-01 00:00:00.000000', '多彩贵州网有限责任公司用户终端及公用设备采购项目（201604-1）');
INSERT INTO `adm_asset` VALUES ('263', '00000372', '', 'SAIVIA机箱DIY主机', '', '5960', '1', '', '技术中心/运行维护部', '黄德龙', '2016-04-01 00:00:00.000000', '2016-04-01 00:00:00.000000', '多彩贵州网有限责任公司用户终端及公用设备采购项目（201604-1）');
INSERT INTO `adm_asset` VALUES ('264', '00000373', '', 'SAIVIA机箱DIY主机', '', '5960', '1', '', '技术中心/运行维护部', '习军', '2016-04-01 00:00:00.000000', '2016-04-01 00:00:00.000000', '多彩贵州网有限责任公司用户终端及公用设备采购项目（201604-1）');
INSERT INTO `adm_asset` VALUES ('265', '00000374', '', 'SAIVIA机箱DIY主机', '', '5960', '1', '', '技术中心/运行维护部', '干伟', '2016-04-01 00:00:00.000000', '2016-04-01 00:00:00.000000', '多彩贵州网有限责任公司用户终端及公用设备采购项目（201604-1）');
INSERT INTO `adm_asset` VALUES ('266', '00000375', '', 'SAIVIA机箱DIY主机', '', '5960', '1', '', '技术中心/运行维护部', '赵彧', '2016-04-01 00:00:00.000000', '2016-04-01 00:00:00.000000', '多彩贵州网有限责任公司用户终端及公用设备采购项目（201604-1）');
INSERT INTO `adm_asset` VALUES ('267', '00000376', '', 'SAIVIA机箱DIY主机', '', '5960', '1', '', '行政中心/办公室', '宋杰', '2016-04-01 00:00:00.000000', '2016-04-01 00:00:00.000000', '多彩贵州网有限责任公司用户终端及公用设备采购项目（201604-1）');
INSERT INTO `adm_asset` VALUES ('268', '00000377', '', '尼康70-200镜头', '', '11600', '1', '', '内容中心/中央编辑室', '吴蔚', '2016-04-01 00:00:00.000000', '2016-04-01 00:00:00.000000', '2016年4月零散采购设备-01（采访部自行采购）');
INSERT INTO `adm_asset` VALUES ('269', '00000379', '', '惠普Pro mfp m177fw彩色激光打印一体机', '', '3650', '1', '', '存疑设备', '', '2016-04-01 00:00:00.000000', '2016-04-01 00:00:00.000000', '2016年4月零散采购设备-02（地方部）');
INSERT INTO `adm_asset` VALUES ('270', '00000380', '', '华为QuidwayS2700-52P-EI-AC交换机', '', '7820', '1', '', '公司层面', '', '2016-05-01 00:00:00.000000', '2016-05-01 00:00:00.000000', '2016年5月零散采购设备-01（运行维护部）');
INSERT INTO `adm_asset` VALUES ('271', '00000381', '', '华为QuidwayS2700-52P-EI-AC交换机', '', '7820', '1', '', '公司层面', '', '2016-05-01 00:00:00.000000', '2016-05-01 00:00:00.000000', '2016年5月零散采购设备-01（运行维护部）');
INSERT INTO `adm_asset` VALUES ('272', '00000382', '', 'LITEON PS-3591-1服务器电源', '', '6000', '1', '', '公司层面', '', '2016-05-01 00:00:00.000000', '2016-05-01 00:00:00.000000', '2016年5月零散采购设备-02（运行维护部）');
INSERT INTO `adm_asset` VALUES ('273', '00000383', '', 'Insta360 4K beta 全景相机', '', '6500', '1', '', '内容中心/采访二部', '徐昆', '2016-06-01 00:00:00.000000', '2016-06-01 00:00:00.000000', '2016年6月零散采购设备-00（采访部自行采购）');
INSERT INTO `adm_asset` VALUES ('274', '00000384', '', 'Synology NAS 网络存储服务器 DS916+ 8GB', '', '4950', '1', '', '公司层面', '', '2016-06-01 00:00:00.000000', '2016-06-01 00:00:00.000000', '2016年6月零散采购设备-01（运行维护部）');
INSERT INTO `adm_asset` VALUES ('275', '00000385', '', '戴尔PowerEdge R220服务器', '', '6800', '1', '', '多彩宝', '', '2016-06-01 00:00:00.000000', '2016-06-01 00:00:00.000000', '2016年6月零散采购设备-02(多彩宝)');
INSERT INTO `adm_asset` VALUES ('276', '00000386', '', '戴尔PowerEdge R220服务器', '', '6800', '1', '', '多彩宝', '', '2016-06-01 00:00:00.000000', '2016-06-01 00:00:00.000000', '2016年6月零散采购设备-02(多彩宝)');
INSERT INTO `adm_asset` VALUES ('277', '00000387', '', '惠普暗影精灵II代笔记本电脑', '', '6380', '1', '', '内容中心/文化文艺部', '', '2016-04-01 00:00:00.000000', '2016-04-01 00:00:00.000000', '贵州多彩贵州网有限责任公司摄像器材采购201606-4（视频部、专题部）');
INSERT INTO `adm_asset` VALUES ('278', '00000388', '', '惠普暗影精灵II代笔记本电脑', '', '6380', '1', '', '内容中心/文化文艺部', '', '2016-04-01 00:00:00.000000', '2016-04-01 00:00:00.000000', '贵州多彩贵州网有限责任公司摄像器材采购201606-4（视频部、专题部）');
INSERT INTO `adm_asset` VALUES ('279', '00000389', '', '佳能5D Mark III 数码单反相机', '', '16990', '1', '', '内容中心/节目制作', '', '2016-06-01 00:00:00.000000', '2016-06-01 00:00:00.000000', '贵州多彩贵州网有限责任公司摄像器材采购201606-4（视频部、专题部）');
INSERT INTO `adm_asset` VALUES ('280', '00000390', '', '佳能EF 24-70mm f/2.8L II USM镜头', '', '12690', '1', '', '内容中心/节目制作', '', '2016-06-01 00:00:00.000000', '2016-06-01 00:00:00.000000', '贵州多彩贵州网有限责任公司摄像器材采购201606-4（视频部、专题部）');
INSERT INTO `adm_asset` VALUES ('281', '00000391', '', '佳能摄像机70D/18-135', '', '7580', '1', '', '运营中心/安顺分公司', '谭力', '2016-07-01 00:00:00.000000', '2016-07-01 00:00:00.000000', '新建安顺办事处办公设备');
INSERT INTO `adm_asset` VALUES ('282', '00000393', '', '联想笔记本E450C', '', '4380', '1', '', '运营中心/安顺分公司', '谭力', '2016-07-01 00:00:00.000000', '2016-07-01 00:00:00.000000', '新建安顺办事处办公设备');
INSERT INTO `adm_asset` VALUES ('283', '00000394', '', 'Dell XW2 Inspiron 13 7000系列二合一笔记本（魔方）', '', '6899', '1', '', '财务中心/财务部', '', '2016-07-01 00:00:00.000000', '2016-07-01 00:00:00.000000', '“关于笔记本及移动硬盘询价采购”——财务 2016.7.14');
INSERT INTO `adm_asset` VALUES ('284', '00000395', '', 'Microsoft Surface Pro 4', '', '7588', '1', '', '财务中心/财务部', '李茜', '2016-07-01 00:00:00.000000', '2016-07-01 00:00:00.000000', '“关于笔记本及移动硬盘询价采购”——财务 2016.7.14');
INSERT INTO `adm_asset` VALUES ('285', '00000396', '', '苹果 iMac MK452CH/A', '', '11500', '1', '', '多彩宝', '', '2016-07-01 00:00:00.000000', '2016-07-01 00:00:00.000000', '关于【20160703】多彩宝办公电脑采购');
INSERT INTO `adm_asset` VALUES ('286', '00000397', '', '戴尔7040MT', '', '7299', '1', '', '多彩宝', '', '2016-07-01 00:00:00.000000', '2016-07-01 00:00:00.000000', '关于【20160703】多彩宝办公电脑采购');
INSERT INTO `adm_asset` VALUES ('287', '00000398', '', '戴尔7040MT', '', '7299', '1', '', '多彩宝', '', '2016-07-01 00:00:00.000000', '2016-07-01 00:00:00.000000', '关于【20160703】多彩宝办公电脑采购');
INSERT INTO `adm_asset` VALUES ('288', '00000406', '', 'ThinkPad New S2', '', '5510', '1', '', '多彩宝', '', '2016-08-01 00:00:00.000000', '2016-08-01 00:00:00.000000', '关于【20160804】多彩宝办公设备的采购');
INSERT INTO `adm_asset` VALUES ('289', '00000407', '', 'ThinkPad New S2', '', '5510', '1', '', '多彩宝', '', '2016-08-01 00:00:00.000000', '2016-08-01 00:00:00.000000', '关于【20160804】多彩宝办公设备的采购');
INSERT INTO `adm_asset` VALUES ('290', '00000408', '', 'Dell 7040MT', '', '6050', '1', '', '多彩宝', '', '2016-08-01 00:00:00.000000', '2016-08-01 00:00:00.000000', '关于【20160804】多彩宝办公设备的采购');
INSERT INTO `adm_asset` VALUES ('291', '00000409', '', 'Dell 7040MT', '', '6050', '1', '', '多彩宝', '', '2016-08-01 00:00:00.000000', '2016-08-01 00:00:00.000000', '关于【20160804】多彩宝办公设备的采购');
INSERT INTO `adm_asset` VALUES ('292', '00000410', '', 'Dell 7040MT', '', '6050', '1', '', '多彩宝', '', '2016-08-01 00:00:00.000000', '2016-08-01 00:00:00.000000', '关于【20160804】多彩宝办公设备的采购');
INSERT INTO `adm_asset` VALUES ('293', '00000411', '', 'Dell 7040MT', '', '6050', '1', '', '多彩宝', '', '2016-08-01 00:00:00.000000', '2016-08-01 00:00:00.000000', '关于【20160804】多彩宝办公设备的采购');
INSERT INTO `adm_asset` VALUES ('294', '00000412', '', 'Dell 7040MT', '', '6050', '1', '', '多彩宝', '', '2016-08-01 00:00:00.000000', '2016-08-01 00:00:00.000000', '关于【20160804】多彩宝办公设备的采购');
INSERT INTO `adm_asset` VALUES ('295', '00000413', '', 'Dell 7040MT', '', '6050', '1', '', '多彩宝', '', '2016-08-01 00:00:00.000000', '2016-08-01 00:00:00.000000', '关于【20160804】多彩宝办公设备的采购');
INSERT INTO `adm_asset` VALUES ('296', '00000414', '', '佳能（Canon） EOS 70D 单反套机', '', '8200', '1', '', '多彩宝', '', '2018-02-24 00:00:00.000000', '2018-02-24 00:00:00.000000', '关于【20160804】多彩宝办公设备的采购');
INSERT INTO `adm_asset` VALUES ('297', '00000424', '', 'Apple iMac 21.5英寸一体机', '', '14880', '1', '', '多彩宝', '', '2016-08-01 00:00:00.000000', '2016-08-01 00:00:00.000000', '关于【20160804】多彩宝办公设备的采购');
INSERT INTO `adm_asset` VALUES ('298', '00000425', '', 'Apple iMac 21.5英寸一体机', '', '14880', '1', '', '多彩宝', '', '2016-08-01 00:00:00.000000', '2016-08-01 00:00:00.000000', '关于【20160804】多彩宝办公设备的采购');
INSERT INTO `adm_asset` VALUES ('299', '00000426', '', '联想笔记本电脑thinkPad X1', '', '6900', '1', '', '财务中心/财务部', '李茜', '2016-11-08 00:00:00.000000', '2016-11-08 00:00:00.000000', '');
INSERT INTO `adm_asset` VALUES ('300', '00000427', '', '联想H3050', '', '3980', '1', '', '运营中心/安顺分公司', '谭力', '2016-09-29 00:00:00.000000', '2016-09-29 00:00:00.000000', '');
INSERT INTO `adm_asset` VALUES ('301', '00000428', '', '尼康D750相机', '', '11060', '1', '', '行政中心/办公室', '宋杰', '2016-11-08 00:00:00.000000', '2016-11-08 00:00:00.000000', '');
INSERT INTO `adm_asset` VALUES ('302', '00000429', '', '尼康24-70mm镜头', '', '11110', '1', '', '行政中心/办公室', '宋杰', '2016-11-08 00:00:00.000000', '2016-11-08 00:00:00.000000', '');
INSERT INTO `adm_asset` VALUES ('303', '00000430', '', '尼康SB-5000', '', '3980', '1', '', '行政中心/办公室', '宋杰', '2016-11-08 00:00:00.000000', '2016-11-08 00:00:00.000000', '');
INSERT INTO `adm_asset` VALUES ('304', '00000431', '', '戴尔燃7000', 'FL2KTC2', '5600', '1', '', '运营中心/法制贵州网', '', '2016-12-27 00:00:00.000000', '2016-12-27 00:00:00.000000', '');
INSERT INTO `adm_asset` VALUES ('305', '00000432', '', '戴尔燃7000', '', '5600', '1', '', '运营中心/法制贵州网', '', '2016-12-27 00:00:00.000000', '2016-12-27 00:00:00.000000', '');
INSERT INTO `adm_asset` VALUES ('306', '00000433', '', '佳能EOS70D', '', '6150', '1', '', '运营中心/法制贵州网', '宁坤昊', '2016-12-27 00:00:00.000000', '2016-12-27 00:00:00.000000', '');
INSERT INTO `adm_asset` VALUES ('307', '00000434', '', '联想小新出色版510s', '', '5199', '1', '', '运营中心/贵阳分公司', '', '2017-02-20 00:00:00.000000', '2017-02-20 00:00:00.000000', '');
INSERT INTO `adm_asset` VALUES ('308', '00000435', '', '联想小新出色版510s', '', '5199', '1', '', '运营中心/黔西南分公司', '', '2017-02-20 00:00:00.000000', '2017-02-20 00:00:00.000000', '');
INSERT INTO `adm_asset` VALUES ('309', '00000436', '', '联想小新出色版510s', '', '5199', '1', '', '运营中心/毕节分公司', '', '2017-02-20 00:00:00.000000', '2017-02-20 00:00:00.000000', '');
INSERT INTO `adm_asset` VALUES ('310', '00000437', '', '联想小新出色版510s', '', '5199', '1', '', '运营中心/黔东南分公司', '', '2017-02-20 00:00:00.000000', '2017-02-20 00:00:00.000000', '');
INSERT INTO `adm_asset` VALUES ('311', '00000438', '', '联想小新出色版510s', '', '5199', '1', '', '运营中心/黔东南分公司', '', '2017-02-20 00:00:00.000000', '2017-02-20 00:00:00.000000', '');
INSERT INTO `adm_asset` VALUES ('312', '00000439', '', '联想小新出色版510s', '', '5199', '1', '', '运营中心/六盘水分公司', '', '2017-02-20 00:00:00.000000', '2017-02-20 00:00:00.000000', '');
INSERT INTO `adm_asset` VALUES ('313', '00000440', '', '联想小新出色版510s', '', '5199', '1', '', '运营中心/六盘水分公司', '', '2017-02-20 00:00:00.000000', '2017-02-20 00:00:00.000000', '');
INSERT INTO `adm_asset` VALUES ('314', '00000441', '', '佳能70D套机', '', '7399', '1', '', '运营中心/贵阳分公司', '', '2017-02-20 00:00:00.000000', '2017-02-20 00:00:00.000000', '');
INSERT INTO `adm_asset` VALUES ('315', '00000442', '', '佳能70D套机', '', '7399', '1', '', '运营中心/贵阳分公司', '', '2017-02-20 00:00:00.000000', '2017-02-20 00:00:00.000000', '');
INSERT INTO `adm_asset` VALUES ('316', '00000443', '', '佳能70D套机', '', '7399', '1', '', '运营中心/黔西南分公司', '', '2017-02-20 00:00:00.000000', '2017-02-20 00:00:00.000000', '');
INSERT INTO `adm_asset` VALUES ('317', '00000444', '', '佳能70D套机', '', '7399', '1', '', '运营中心/毕节分公司', '', '2017-02-20 00:00:00.000000', '2017-02-20 00:00:00.000000', '');
INSERT INTO `adm_asset` VALUES ('318', '00000445', '', '佳能70D套机', '', '7399', '1', '', '运营中心/黔东南分公司', '', '2017-02-20 00:00:00.000000', '2017-02-20 00:00:00.000000', '');
INSERT INTO `adm_asset` VALUES ('319', '00000446', '', '佳能70D套机', '', '7399', '1', '', '运营中心/六盘水分公司', '', '2017-02-20 00:00:00.000000', '2017-02-20 00:00:00.000000', '');
INSERT INTO `adm_asset` VALUES ('320', '00000450', '', '惠普M1216fn多功能一体机', '', '1799', '1', '', '运营中心/黔东南分公司', '', '2017-02-20 00:00:00.000000', '2017-02-20 00:00:00.000000', '');
INSERT INTO `adm_asset` VALUES ('321', '00000452', '', '惠普打印机M403dn', '', '2800', '1', '', '财务中心/财务部', '', '2017-03-13 00:00:00.000000', '2017-03-13 00:00:00.000000', '');
INSERT INTO `adm_asset` VALUES ('322', '00000453', '', '联想（Lenovo）扬天A6860f', '', '6380', '1', '', '内容中心/总编室', '余小雨', '2017-03-14 00:00:00.000000', '2017-03-14 00:00:00.000000', '');
INSERT INTO `adm_asset` VALUES ('323', '00000454', '', '联想（Lenovo）扬天A6860f', '', '6380', '1', '', '内容中心/文明网项目组', '杨婕', '2017-03-14 00:00:00.000000', '2017-03-14 00:00:00.000000', '');
INSERT INTO `adm_asset` VALUES ('324', '00000455', '', '联想（Lenovo）扬天A6860f', '', '6380', '1', '', '内容中心/采访二部', '', '2017-03-14 00:00:00.000000', '2017-03-14 00:00:00.000000', '');
INSERT INTO `adm_asset` VALUES ('325', '00000456', '', '联想（Lenovo）扬天A6860f', '', '6380', '1', '', '内容中心/采访二部', '陈嘉新', '2017-03-14 00:00:00.000000', '2017-03-14 00:00:00.000000', '');
INSERT INTO `adm_asset` VALUES ('326', '00000457', '', '联想（Lenovo）扬天A6860f', '', '6380', '1', '', '运营中心/房车酒网', '段洪', '2017-03-14 00:00:00.000000', '2017-03-14 00:00:00.000000', '');
INSERT INTO `adm_asset` VALUES ('327', '00000458', '', '联想（Lenovo）扬天A6860f', '', '6380', '1', '', '运营中心/视频项目组', '李兰', '2016-12-07 00:00:00.000000', '2017-03-14 00:00:00.000000', '');
INSERT INTO `adm_asset` VALUES ('328', '00000459', '', '联想（Lenovo）扬天A6860f', 'P50569WF', '6380', '1', '', '运营中心/贵阳分公司', '马本立', '2017-03-14 00:00:00.000000', '2017-03-14 00:00:00.000000', '');
INSERT INTO `adm_asset` VALUES ('329', '00000460', '', '联想（Lenovo）扬天A6860f', 'P5P569Q9', '6380', '1', '', '运营中心/贵阳分公司', '陈润', '2017-03-14 00:00:00.000000', '2017-03-14 00:00:00.000000', '');
INSERT INTO `adm_asset` VALUES ('330', '00000461', '', '联想（Lenovo）扬天A6860f', 'P50569TT', '6380', '1', '', '运营中心/贵阳分公司', '戴金松', '2017-03-14 00:00:00.000000', '2017-03-14 00:00:00.000000', '');
INSERT INTO `adm_asset` VALUES ('331', '00000462', '', '联想（Lenovo）扬天A6860f', 'P50569M0', '6380', '1', '', '运营中心/贵阳分公司', '', '2017-03-14 00:00:00.000000', '2017-03-14 00:00:00.000000', '');
INSERT INTO `adm_asset` VALUES ('332', '00000463', '', '联想（Lenovo）扬天A6860f', 'P50569M6', '6380', '1', '', '运营中心/法制贵州网', '', '2016-12-07 00:00:00.000000', '2017-03-14 00:00:00.000000', '');
INSERT INTO `adm_asset` VALUES ('333', '00000464', '', '联想（Lenovo）扬天A6860f', 'P50569V2', '6380', '1', '', '运营中心/法制贵州网', '高艺玮', '2017-03-14 00:00:00.000000', '2017-03-14 00:00:00.000000', '');
INSERT INTO `adm_asset` VALUES ('334', '00000465', '', '联想（Lenovo）扬天A6860f', '', '6380', '1', '', '运营中心/法制贵州网', '倪淑琴', '2017-03-14 00:00:00.000000', '2017-03-14 00:00:00.000000', '');
INSERT INTO `adm_asset` VALUES ('335', '00000466', '', '联想（Lenovo）扬天A6860f', '', '6380', '1', '', '运营中心/金融频道', '金星', '2016-12-07 00:00:00.000000', '2017-03-14 00:00:00.000000', '');
INSERT INTO `adm_asset` VALUES ('336', '00000467', '', '联想（Lenovo）扬天A6860f', 'P50569MR', '6380', '1', '', '运营中心/大健康频道', '陈国志', '2017-12-07 00:00:00.000000', '2017-03-14 00:00:00.000000', '');
INSERT INTO `adm_asset` VALUES ('337', '00000468', '', '联想（Lenovo）扬天A6860f', 'P50569LW', '6380', '1', '', '运营中心/大扶贫频道', '唐海鹰', '2016-12-07 00:00:00.000000', '2017-03-14 00:00:00.000000', '');
INSERT INTO `adm_asset` VALUES ('338', '00000469', '', '联想(Lenovo)小新Air13 Pro版', 'MP17DN19', '6160', '1', '', '内容中心/采访二部', '陈嘉新', '2017-03-14 00:00:00.000000', '2017-03-14 00:00:00.000000', '');
INSERT INTO `adm_asset` VALUES ('339', '00000470', '', '联想(Lenovo)小新Air13 Pro版', '', '6160', '1', '', '内容中心/中央编辑室', '赵曌', '2017-03-14 00:00:00.000000', '2017-03-14 00:00:00.000000', '');
INSERT INTO `adm_asset` VALUES ('340', '00000471', '', '联想(Lenovo)小新Air13 Pro版', '', '6160', '1', '', '内容中心/采访一部', '熊莺', '2017-03-14 00:00:00.000000', '2017-03-14 00:00:00.000000', '');
INSERT INTO `adm_asset` VALUES ('341', '00000472', '', '联想(Lenovo)小新Air13 Pro版', '', '6160', '1', '', '内容中心/科教新闻组', '金妮', '2017-03-14 00:00:00.000000', '2017-03-14 00:00:00.000000', '');
INSERT INTO `adm_asset` VALUES ('342', '00000473', '', '联想(Lenovo)小新Air13 Pro版', '', '6160', '1', '', '运营中心/策划营销部', '', '2017-03-14 00:00:00.000000', '2017-03-14 00:00:00.000000', '');
INSERT INTO `adm_asset` VALUES ('343', '00000474', '', '联想(Lenovo)小新Air13 Pro版', '', '6160', '1', '', '运营中心/地方频道部', '', '2017-03-14 00:00:00.000000', '2017-03-14 00:00:00.000000', '');
INSERT INTO `adm_asset` VALUES ('344', '00000475', '', '联想(Lenovo)小新Air13 Pro版', 'MP17C0J2', '6160', '1', '', '运营中心/地方频道部', '', '2017-03-14 00:00:00.000000', '2017-03-14 00:00:00.000000', '');
INSERT INTO `adm_asset` VALUES ('345', '00000476', '', '联想(Lenovo)小新Air13 Pro版', 'MP17FT3X', '6160', '1', '', '运营中心/地方频道部', '', '2017-03-14 00:00:00.000000', '2017-03-14 00:00:00.000000', '');
INSERT INTO `adm_asset` VALUES ('346', '00000477', '', '联想(Lenovo)小新Air13 Pro版', '', '6160', '1', '', '运营中心/法制贵州网', '', '2017-03-14 00:00:00.000000', '2017-03-14 00:00:00.000000', '');
INSERT INTO `adm_asset` VALUES ('347', '00000478', '', '联想(Lenovo)小新Air13 Pro版', 'MP17GG94', '6160', '1', '', '运营中心/法制贵州网', '', '2017-03-14 00:00:00.000000', '2017-03-14 00:00:00.000000', '');
INSERT INTO `adm_asset` VALUES ('348', '00000479', '', '联想(Lenovo)小新Air13 Pro版', '', '6160', '1', '', '多彩品牌网', '', '2017-03-14 00:00:00.000000', '2017-03-14 00:00:00.000000', '');
INSERT INTO `adm_asset` VALUES ('349', '00000480', '', '联想(Lenovo)小新Air13 Pro版', '', '6160', '1', '', '运营中心/大健康频道', '周泓洁', '2017-03-14 00:00:00.000000', '2017-03-14 00:00:00.000000', '');
INSERT INTO `adm_asset` VALUES ('350', '00000481', '', '联想(Lenovo)小新Air13 Pro版', '', '6160', '1', '', '运营中心/金融频道', '金星', '2017-03-14 00:00:00.000000', '2017-03-14 00:00:00.000000', '');
INSERT INTO `adm_asset` VALUES ('351', '00000482', '', '佳能(CANON)iR-ADV C3320', '', '19900', '1', '', '内容中心/总编室', '', '2017-03-17 00:00:00.000000', '2017-03-17 00:00:00.000000', '');
INSERT INTO `adm_asset` VALUES ('352', '00000491', '', '小米电视3S 55寸', '', '4199', '1', '', '人力资源中心/人力资源部', '', '2017-03-15 00:00:00.000000', '2017-03-15 00:00:00.000000', '');
INSERT INTO `adm_asset` VALUES ('353', '00000492', '', '深信服 VPN-2050', '', '49600', '1', '', '公司层面', '', '2017-03-18 00:00:00.000000', '2017-03-18 00:00:00.000000', '');
INSERT INTO `adm_asset` VALUES ('354', '00000493', '', '联想（Lenovo）扬天A6860f', '', '6480', '1', '', '内容中心/总编室', '袁明钰', '2017-03-28 00:00:00.000000', '2017-03-28 00:00:00.000000', '');
INSERT INTO `adm_asset` VALUES ('355', '00000494', '', '联想（Lenovo）扬天A6860f', '', '6480', '1', '', '内容中心/采访一部', '贾过之', '2017-03-28 00:00:00.000000', '2017-03-28 00:00:00.000000', '');
INSERT INTO `adm_asset` VALUES ('356', '00000495', '', '联想(Lenovo)小新Air13 Pro版', 'MP17C8JK', '6160', '1', '', '内容中心/采访一部', '', '2017-03-28 00:00:00.000000', '2017-03-28 00:00:00.000000', '');
INSERT INTO `adm_asset` VALUES ('357', '00000496', '', '联想(Lenovo)小新Air13 Pro版', '', '6160', '1', '', '内容中心/采访一部', '洪英杰', '2017-03-28 00:00:00.000000', '2017-03-28 00:00:00.000000', '');
INSERT INTO `adm_asset` VALUES ('358', '00000497', '', '联想(Lenovo)小新Air13 Pro版', 'MP17BYKJ', '6160', '1', '', '技术中心/运行维护部', '', '2017-03-28 00:00:00.000000', '2017-03-28 00:00:00.000000', '');
INSERT INTO `adm_asset` VALUES ('359', '00000498', '', 'Apple MacBook Pro 15.4英寸', '', '18480', '1', '', '内容中心/中央编辑室', '吴蔚', '2018-03-28 00:00:00.000000', '2018-03-28 00:00:00.000000', '');
INSERT INTO `adm_asset` VALUES ('360', '00000499', '', 'Apple MacBook Pro 15.4英寸', '', '18480', '1', '', '内容中心/采访二部', '徐昆', '2018-03-28 00:00:00.000000', '2018-03-28 00:00:00.000000', '');
INSERT INTO `adm_asset` VALUES ('361', '00000500', '', '尼康（Nikon）D5', '8502276', '40780', '1', '', '内容中心/采访二部', '杨昌鼎', '2017-03-20 00:00:00.000000', '2017-03-20 00:00:00.000000', '');
INSERT INTO `adm_asset` VALUES ('362', '00000501', '', '尼康(Nikon) D750', '', '11940', '1', '', '内容中心/采访一部', '张玥', '2017-03-20 00:00:00.000000', '2017-03-20 00:00:00.000000', '');
INSERT INTO `adm_asset` VALUES ('363', '00000502', '', '尼康(Nikon) D750', '', '11940', '1', '', '内容中心/中央编辑室', '吴蔚', '2017-03-20 00:00:00.000000', '2017-03-20 00:00:00.000000', '');
INSERT INTO `adm_asset` VALUES ('364', '00000504', '', '尼康(Nikon)镜头 24-70mm', '1118871', '10680', '1', '', '内容中心/采访二部', '杨昌鼎', '2017-03-20 00:00:00.000000', '2017-03-20 00:00:00.000000', '');
INSERT INTO `adm_asset` VALUES ('365', '00000505', '', '尼康(Nikon)镜头 70-200mm', '', '13730', '1', '', '内容中心/采访一部', '张玥', '2017-03-20 00:00:00.000000', '2017-03-20 00:00:00.000000', '');
INSERT INTO `adm_asset` VALUES ('366', '00000506', '', '台式兼容机', '', '5950', '1', '', '技术中心/运行维护部', '何凌峰', '2017-03-21 00:00:00.000000', '2017-03-21 00:00:00.000000', '');
INSERT INTO `adm_asset` VALUES ('367', '00000507', '', '佳能 EOS 70D套机', '', '8500', '1', '', '运营中心/遵义分公司', '', '2017-04-05 00:00:00.000000', '2017-04-05 00:00:00.000000', '');
INSERT INTO `adm_asset` VALUES ('368', '00000508', '', '机房水循环系统配套设备', '', '12150', '1', '', '公司层面', '', '2017-06-01 00:00:00.000000', '2017-06-01 00:00:00.000000', '');
INSERT INTO `adm_asset` VALUES ('369', '00000509', '', '戴尔（DELL）Vostro3668', '', '6760', '1', '', '财务中心/财务部', '彭远新', '2017-04-25 00:00:00.000000', '2017-04-25 00:00:00.000000', '');
INSERT INTO `adm_asset` VALUES ('370', '00000510', '', '戴尔（DELL）Vostro3668', '', '6760', '1', '', '财务中心/财务部', '黄友贵', '2017-04-25 00:00:00.000000', '2017-04-25 00:00:00.000000', '');
INSERT INTO `adm_asset` VALUES ('371', '00000511', '', '戴尔（DELL）Vostro3668', '', '6760', '1', '', '财务中心/财务部', '张莉', '2017-04-25 00:00:00.000000', '2017-04-25 00:00:00.000000', '');
INSERT INTO `adm_asset` VALUES ('372', '00000513', '', '联想T4900c-23', '', '7200', '1', '', '内容中心/中央编辑室', '吴蔚', '2017-04-18 00:00:00.000000', '2017-04-18 00:00:00.000000', '');
INSERT INTO `adm_asset` VALUES ('373', '00000514', '', '联想T4900c-23', '', '7200', '1', '', '内容中心/中央编辑室', '', '2017-04-18 00:00:00.000000', '2017-04-18 00:00:00.000000', '');
INSERT INTO `adm_asset` VALUES ('374', '00000515', '', '联想T4900c-23', '', '7200', '1', '', '运营中心/贵阳分公司', '晏一丹', '2017-03-11 00:00:00.000000', '2017-04-18 00:00:00.000000', '');
INSERT INTO `adm_asset` VALUES ('375', '00000516', '', '联想T4900c-23', '', '7200', '1', '', '内容中心/首页编辑组', '刘竹寒', '2017-04-18 00:00:00.000000', '2017-04-18 00:00:00.000000', '');
INSERT INTO `adm_asset` VALUES ('376', '00000517', '', '联想T4900c-23', '', '7200', '1', '', '内容中心/内容产品研发工作室', '', '2017-04-18 00:00:00.000000', '2017-04-18 00:00:00.000000', '');
INSERT INTO `adm_asset` VALUES ('377', '00000518', '', '联想T4900c-23', '', '7200', '1', '', '内容中心/内容产品研发工作室', '', '2017-04-18 00:00:00.000000', '2017-04-18 00:00:00.000000', '');
INSERT INTO `adm_asset` VALUES ('378', '00000519', '', '联想T4900c-23', '', '7200', '1', '', '内容中心/内容产品研发工作室', '', '2017-04-18 00:00:00.000000', '2017-04-18 00:00:00.000000', '');
INSERT INTO `adm_asset` VALUES ('379', '00000520', '', '联想T4900c-23', '', '7200', '1', '', '内容中心/内容产品研发工作室', '乐进', '2017-04-18 00:00:00.000000', '2017-04-18 00:00:00.000000', '');
INSERT INTO `adm_asset` VALUES ('380', '00000521', '', '联想T4900c-23', '', '7200', '1', '', '内容中心/内容产品研发工作室', '卢强', '2017-04-18 00:00:00.000000', '2017-04-18 00:00:00.000000', '');
INSERT INTO `adm_asset` VALUES ('381', '00000522', '', '联想T4900c-23', '', '7200', '1', '', '内容中心/内容产品研发工作室', '顾进', '2017-04-18 00:00:00.000000', '2017-04-18 00:00:00.000000', '');
INSERT INTO `adm_asset` VALUES ('382', '00000523', '', '联想T4900c-23', '', '7200', '1', '', '内容中心/内容产品研发工作室', '周国庆', '2017-04-18 00:00:00.000000', '2017-04-18 00:00:00.000000', '');
INSERT INTO `adm_asset` VALUES ('383', '00000524', '', '联想T4900c-23', '', '7200', '1', '', '内容中心/内容产品研发工作室', '何祖平', '2017-04-18 00:00:00.000000', '2017-04-18 00:00:00.000000', '');
INSERT INTO `adm_asset` VALUES ('384', '00000525', '', '联想T4900c-23', '', '7200', '1', '', '内容中心/内容产品研发工作室', '夏金晶', '2017-04-18 00:00:00.000000', '2017-04-18 00:00:00.000000', '');
INSERT INTO `adm_asset` VALUES ('385', '00000526', '', '联想T4900c-23', '', '7200', '1', '', '内容中心/内容产品研发工作室', '周小艳', '2017-04-18 00:00:00.000000', '2017-04-18 00:00:00.000000', '');
INSERT INTO `adm_asset` VALUES ('386', '00000527', '', '联想T4900c-23', '', '7200', '1', '', '内容中心/官号编辑组', '缪富霞', '2017-03-11 00:00:00.000000', '2017-04-18 00:00:00.000000', '');
INSERT INTO `adm_asset` VALUES ('387', '00000528', '', '联想T4900c-23', '', '7200', '1', '', '内容中心/经济新闻部', '董瑶', '2017-03-11 00:00:00.000000', '2017-04-18 00:00:00.000000', '');
INSERT INTO `adm_asset` VALUES ('388', '00000529', '', '联想T4900c-23', '', '7200', '1', '', '行政中心/办公室', '', '2017-04-18 00:00:00.000000', '2017-04-18 00:00:00.000000', '');
INSERT INTO `adm_asset` VALUES ('389', '00000530', '', '联想(Lenovo)YOGA710 14in', 'MP17W1GY', '7850', '1', '', '内容中心/节目制作', '', '2017-05-09 00:00:00.000000', '2017-05-09 00:00:00.000000', '');
INSERT INTO `adm_asset` VALUES ('390', '00000534', '', '索尼（SONY） UWP-D11', '', '3400', '1', '', '内容中心/节目制作', '', '2017-05-09 00:00:00.000000', '2017-05-09 00:00:00.000000', '');
INSERT INTO `adm_asset` VALUES ('391', '00000535', '', '索尼（SONY） UWP-D11', '', '3400', '1', '', '内容中心/节目制作', '', '2017-05-09 00:00:00.000000', '2017-05-09 00:00:00.000000', '');
INSERT INTO `adm_asset` VALUES ('392', '00000536', '', '索尼（SONY） UWP-D11', '', '3400', '1', '', '内容中心/节目制作', '', '2017-05-09 00:00:00.000000', '2017-05-09 00:00:00.000000', '');
INSERT INTO `adm_asset` VALUES ('393', '00000537', '', '联想(Lenovo)小新潮7000', '', '5550', '1', '', '运营中心/大扶贫频道', '王都安', '2017-05-23 00:00:00.000000', '2017-05-23 00:00:00.000000', '');
INSERT INTO `adm_asset` VALUES ('394', '00000538', '', '联想（Lenovo）天逸5060', 'M90438MC', '5650', '1', '', '运营中心/大扶贫频道', '', '2017-04-14 00:00:00.000000', '2017-05-23 00:00:00.000000', '');
INSERT INTO `adm_asset` VALUES ('395', '00000548', '', '索尼单反机身SONY ILCE-7SM2', '', '19366', '1', '', '内容中心/节目制作', '', '2017-05-31 00:00:00.000000', '2017-05-31 00:00:00.000000', '');
INSERT INTO `adm_asset` VALUES ('396', '00000549', '', '索尼单反机身SONY ILCE-7RM2', '', '18470', '1', '', '内容中心/节目制作', '', '2017-05-31 00:00:00.000000', '2017-05-31 00:00:00.000000', '');
INSERT INTO `adm_asset` VALUES ('397', '00000550', '', '索尼单反机身SONY镜头24-70mm', '', '6680', '1', '', '内容中心/节目制作', '', '2017-05-31 00:00:00.000000', '2017-05-31 00:00:00.000000', '');
INSERT INTO `adm_asset` VALUES ('398', '00000551', '', '索尼单反机身SONY镜头16-35mm', '', '7600', '1', '', '内容中心/节目制作', '', '2017-05-31 00:00:00.000000', '2017-05-31 00:00:00.000000', '');
INSERT INTO `adm_asset` VALUES ('399', '00000552', '', '索尼单反机身SONY镜头90mm', '', '7250', '1', '', '内容中心/节目制作', '', '2017-05-31 00:00:00.000000', '2017-05-31 00:00:00.000000', '');
INSERT INTO `adm_asset` VALUES ('400', '00000553', '', '索尼单反机身SONY镜头35mm', '', '10700', '1', '', '内容中心/节目制作', '', '2017-05-31 00:00:00.000000', '2017-05-31 00:00:00.000000', '');
INSERT INTO `adm_asset` VALUES ('401', '00000554', '', '百诺C12D9K碳纤遥控电动飞轮滑轨', '', '5720', '1', '', '内容中心/节目制作', '', '2017-05-31 00:00:00.000000', '2017-05-31 00:00:00.000000', '');
INSERT INTO `adm_asset` VALUES ('402', '00000555', '', '万德兰天行者SK02三轴稳定器', '', '6780', '1', '', '内容中心/节目制作', '', '2017-05-31 00:00:00.000000', '2017-05-31 00:00:00.000000', '');
INSERT INTO `adm_asset` VALUES ('403', '00000557', '', '单反三轴手持稳定器', '', '8900', '1', '', '内容中心/节目制作', '', '2017-05-31 00:00:00.000000', '2017-05-31 00:00:00.000000', '');
INSERT INTO `adm_asset` VALUES ('404', '00000558', '', '单反三轴手持稳定器', '', '8900', '1', '', '内容中心/节目制作', '', '2017-05-31 00:00:00.000000', '2017-05-31 00:00:00.000000', '');
INSERT INTO `adm_asset` VALUES ('405', '00000565', '', '大疆 精灵4 DJI Phantom 4 Pro', '', '17900', '1', '', '内容中心/节目制作', '', '2017-05-31 00:00:00.000000', '2017-05-31 00:00:00.000000', '');
INSERT INTO `adm_asset` VALUES ('406', '00000572', '', '兼容机', '', '9340', '1', '', '内容中心/视觉组', '张亮', '2017-07-18 00:00:00.000000', '2017-07-18 00:00:00.000000', '');
INSERT INTO `adm_asset` VALUES ('407', '00000573', '', '联想启天M4550', 'M9044PDL', '6018', '1', '', '运营中心/大健康频道', '周鹏', '2017-04-25 00:00:00.000000', '2017-06-19 00:00:00.000000', '');
INSERT INTO `adm_asset` VALUES ('408', '00000574', '', '联想启天M4550', '', '6018', '1', '', '内容中心/经济新闻部', '李晓芳', '2017-04-25 00:00:00.000000', '2017-06-19 00:00:00.000000', '');
INSERT INTO `adm_asset` VALUES ('409', '00000575', '', '联想启天M4550', 'M904430D6', '6018', '1', '', '运营中心/房车酒网', '金鑫', '2017-04-25 00:00:00.000000', '2017-06-19 00:00:00.000000', '');
INSERT INTO `adm_asset` VALUES ('410', '00000576', '', '联想启天M4550-N000', 'M9044DCX', '6018', '1', '', '运营中心/法制贵州网', '', '2017-04-25 00:00:00.000000', '2017-06-19 00:00:00.000000', '');
INSERT INTO `adm_asset` VALUES ('411', '00000577', '', 'Apple iMac一体机', '', '9980', '1', '', '内容中心/内容产品研发工作室', '李正勇', '2017-07-25 00:00:00.000000', '2017-07-25 00:00:00.000000', '');
INSERT INTO `adm_asset` VALUES ('412', '00000578', '', '联想 E470c', '', '5668', '1', '', '运营中心/安顺分公司', '', '2017-07-31 00:00:00.000000', '2017-07-31 00:00:00.000000', '');
INSERT INTO `adm_asset` VALUES ('413', '00000579', '', '联想 E470c', '', '5668', '1', '', '运营中心/铜仁分公司', '', '2017-07-31 00:00:00.000000', '2017-07-31 00:00:00.000000', '');
INSERT INTO `adm_asset` VALUES ('414', '00000580', '', '联想 E470c', '', '5668', '1', '', '运营中心/铜仁分公司', '', '2017-07-31 00:00:00.000000', '2017-07-31 00:00:00.000000', '');
INSERT INTO `adm_asset` VALUES ('415', '00000581', '', '联想 E470c', '', '5668', '1', '', '运营中心/黔东南分公司', '', '2017-07-31 00:00:00.000000', '2017-07-31 00:00:00.000000', '');
INSERT INTO `adm_asset` VALUES ('416', '00000582', '', '联想 E470c', '', '5668', '1', '', '运营中心/黔西南分公司', '', '2017-07-31 00:00:00.000000', '2017-07-31 00:00:00.000000', '');
INSERT INTO `adm_asset` VALUES ('417', '00000583', '', '联想 E470c', '', '5668', '1', '', '运营中心/毕节分公司', '', '2017-07-31 00:00:00.000000', '2017-07-31 00:00:00.000000', '');
INSERT INTO `adm_asset` VALUES ('418', '00000584', '', '联想 E470c', '', '5668', '1', '', '运营中心/六盘水分公司', '', '2017-07-31 00:00:00.000000', '2017-07-31 00:00:00.000000', '');
INSERT INTO `adm_asset` VALUES ('419', '00000585', '', '联想 E470c', '', '5668', '1', '', '运营中心/六盘水分公司', '', '2017-07-31 00:00:00.000000', '2017-07-31 00:00:00.000000', '');
INSERT INTO `adm_asset` VALUES ('420', '00000586', '', 'Aisino打印机', '', '2380', '1', '', '运营中心/策划营销部', '李亚', '2017-08-30 00:00:00.000000', '2017-08-30 00:00:00.000000', '');
INSERT INTO `adm_asset` VALUES ('421', '00000587', '', '小米 Air 13.3', '', '5999', '1', '', '内容中心/科教新闻组', '陈飞宏', '2017-10-16 00:00:00.000000', '2017-10-16 00:00:00.000000', '');
INSERT INTO `adm_asset` VALUES ('422', '00000588', '', '联想（LENOVO）', '', '3760', '1', '', '运营中心/黔南分公司', '赵?宏', '2017-10-31 00:00:00.000000', '2017-10-31 00:00:00.000000', '');
INSERT INTO `adm_asset` VALUES ('423', '00000589', '', '联想（LENOVO）E470c', '', '5390', '1', '', '运营中心/黔南分公司', '赵?宏', '2017-10-31 00:00:00.000000', '2017-10-31 00:00:00.000000', '');
INSERT INTO `adm_asset` VALUES ('424', '00000590', '', '联想天逸510', '', '5950', '1', '', '内容中心/官号编辑组', '邵梦洋', '2017-11-14 00:00:00.000000', '2017-11-14 00:00:00.000000', '');
INSERT INTO `adm_asset` VALUES ('425', '00000591', '', '联想天逸510', '', '5950', '1', '', '内容中心/新媒体编辑组', '翁玉洁', '2017-11-14 00:00:00.000000', '2017-11-14 00:00:00.000000', '');
INSERT INTO `adm_asset` VALUES ('426', '00000593', '', '戴尔Vostro3668', '', '6400', '1', '', '运营中心/贵州手机报', '杨勇', '2017-12-06 00:00:00.000000', '2017-12-06 00:00:00.000000', '');
INSERT INTO `adm_asset` VALUES ('427', '00000594', '', 'Apple Mac Mini', '', '7180', '1', '', '内容中心/内容产品研发工作室', '乐进', '2017-12-11 00:00:00.000000', '2017-12-11 00:00:00.000000', '');
INSERT INTO `adm_asset` VALUES ('428', '00000595', '', '演播室LED电影灯300W', '', '6680', '1', '', '内容中心/节目制作', '', '2017-12-29 00:00:00.000000', '2017-12-29 00:00:00.000000', '');
INSERT INTO `adm_asset` VALUES ('429', '00000596', '', '演播室LED电影灯200W', '', '3000', '1', '', '内容中心/节目制作', '', '2017-12-29 00:00:00.000000', '2017-12-29 00:00:00.000000', '');
INSERT INTO `adm_asset` VALUES ('430', '00000597', '', '演播室LED电影灯200W', '', '3000', '1', '', '内容中心/节目制作', '', '2017-12-29 00:00:00.000000', '2017-12-29 00:00:00.000000', '');
INSERT INTO `adm_asset` VALUES ('431', '00000604', '', '苹果iPadPro(12.9\')', '', '6386', '1', '', '内容中心/总编室', '', '2018-01-03 00:00:00.000000', '2018-01-03 00:00:00.000000', '');
INSERT INTO `adm_asset` VALUES ('432', '00000605', '', '戴尔R830 2U机架式服务器', '', '60600', '1', '', '公司层面', '', '2018-01-15 00:00:00.000000', '2018-01-15 00:00:00.000000', '');
INSERT INTO `adm_asset` VALUES ('433', '00000606', '', '戴尔R830 2U机架式服务器', '', '60600', '1', '', '公司层面', '', '2018-01-15 00:00:00.000000', '2018-01-15 00:00:00.000000', '');
INSERT INTO `adm_asset` VALUES ('434', '00000607', '', '戴尔R830 2U机架式服务器', '', '60600', '1', '', '公司层面', '', '2018-01-15 00:00:00.000000', '2018-01-15 00:00:00.000000', '');
INSERT INTO `adm_asset` VALUES ('435', '00000608', '', '华为交换机S6720s', '', '23240', '1', '', '公司层面', '', '2018-01-03 00:00:00.000000', '2018-01-03 00:00:00.000000', '');
INSERT INTO `adm_asset` VALUES ('436', '00000609', '', '联想ideacenterY700', 'R30410HF', '5950', '1', '', '运营中心/大扶贫频道', '杨东枝', '2018-01-25 00:00:00.000000', '2018-01-25 00:00:00.000000', '');
INSERT INTO `adm_asset` VALUES ('437', '00000610', '', '兼容机', '', '5880', '1', '', '技术中心/运行维护部', '吴楠', '2018-01-25 00:00:00.000000', '2018-01-25 00:00:00.000000', '');
INSERT INTO `adm_asset` VALUES ('438', '00000611', '', '联想YOGA920', '', '11350', '1', '', '公司领导', '', '2018-02-02 00:00:00.000000', '2018-02-02 00:00:00.000000', '');
INSERT INTO `adm_asset` VALUES ('439', '00000612', '', '联想YOGA920', '', '11350', '1', '', '公司领导', '', '2018-02-02 00:00:00.000000', '2018-02-02 00:00:00.000000', '');
INSERT INTO `adm_asset` VALUES ('440', '00000613', '', '联想YOGA920', '', '11350', '1', '', '公司领导', '', '2018-02-02 00:00:00.000000', '2018-02-02 00:00:00.000000', '');
INSERT INTO `adm_asset` VALUES ('441', '00000614', '', '联想YOGA920', '', '11350', '1', '', '公司领导', '', '2018-02-02 00:00:00.000000', '2018-02-02 00:00:00.000000', '');
INSERT INTO `adm_asset` VALUES ('442', '00000615', '', '联想ThinkPad T470', '', '7950', '1', '', '人力资源中心/人力资源部', '袁军', '2018-02-09 00:00:00.000000', '2018-02-09 00:00:00.000000', '');
INSERT INTO `adm_asset` VALUES ('443', '00000616', '', '视频工作站1号机', '', '63050', '1', '', '内容中心/节目制作', '王晓', '2018-02-23 00:00:00.000000', '2018-02-23 00:00:00.000000', '');
INSERT INTO `adm_asset` VALUES ('444', '00000617', '', '视频工作站2号机', '', '57600', '1', '', '内容中心/节目制作', '肖子烨', '2018-02-23 00:00:00.000000', '2018-02-23 00:00:00.000000', '');
INSERT INTO `adm_asset` VALUES ('445', '00000618', '', '20寸专业提词器', '', '5000', '1', '', '内容中心/节目制作', '', '2018-02-23 00:00:00.000000', '2018-02-23 00:00:00.000000', '');
INSERT INTO `adm_asset` VALUES ('446', '00000619', '', '戴尔latitude3470（I7）', '', '6430', '1', '', '内容中心/总编室', '', '2016-04-01 00:00:00.000000', '2016-04-01 00:00:00.000000', '多彩贵州网有限责任公司用户终端及公用设备采购项目（201604-1）');
INSERT INTO `adm_asset` VALUES ('447', '00000620', '', '戴尔latitude3470（I7）', '', '6430', '1', '', '行政中心/办公室', '', '2016-04-01 00:00:00.000000', '2016-04-01 00:00:00.000000', '多彩贵州网有限责任公司用户终端及公用设备采购项目（201604-1）');
INSERT INTO `adm_asset` VALUES ('448', '00000621', '', '戴尔latitude3470（I7）', '', '6430', '1', '', '行政中心/办公室', '', '2016-04-01 00:00:00.000000', '2016-04-01 00:00:00.000000', '多彩贵州网有限责任公司用户终端及公用设备采购项目（201604-1）');
INSERT INTO `adm_asset` VALUES ('449', '00000622', '', '苹果MacBookPro15英寸', '', '18800', '1', '', '内容中心/采访二部', '杨昌鼎', '2018-02-28 00:00:00.000000', '2018-02-28 00:00:00.000000', '');
INSERT INTO `adm_asset` VALUES ('450', '00000623', '', '联想T4900d', '', '0', '1', '', '技术中心/报废设备', '', '2013-05-11 00:00:00.000000', '2014-05-01 00:00:00.000000', '');
INSERT INTO `adm_asset` VALUES ('451', '00000624', '', '联想T4900d', 'NS19381934', '0', '1', '', '技术中心/运行维护部', '应急工位', '2013-05-11 00:00:00.000000', '2014-05-01 00:00:00.000000', '');
INSERT INTO `adm_asset` VALUES ('452', '00000625', '', '联想T4900d', '', '0', '1', '', '运营中心/对外代维组', '谢银', '2013-05-11 00:00:00.000000', '2014-05-01 00:00:00.000000', '');
INSERT INTO `adm_asset` VALUES ('453', '00000626', '', '戴尔390', '', '2430', '1', '', '行政中心/党员办公室', '党员学习室', '2014-05-01 00:00:00.000000', '2014-05-01 00:00:00.000000', '');
INSERT INTO `adm_asset` VALUES ('454', '00000627', '', '戴尔390', '', '2430', '1', '', '行政中心/党员办公室', '党员学习室', '2014-05-01 00:00:00.000000', '2014-05-01 00:00:00.000000', '');
INSERT INTO `adm_asset` VALUES ('455', '00000628', '', '戴尔390', '', '2430', '1', '', '行政中心/办公室', '涉密办公', '2014-05-01 00:00:00.000000', '2014-05-01 00:00:00.000000', '');
INSERT INTO `adm_asset` VALUES ('456', '00000629', '', '戴尔390', 'DS8JKT1', '2430', '1', '', '人力资源中心/人力资源部', '档案查阅', '2014-05-01 00:00:00.000000', '2014-05-01 00:00:00.000000', '');
INSERT INTO `adm_asset` VALUES ('457', '00000630', '', '戴尔390', '', '2430', '1', '', '技术中心/报废设备', '', '2014-05-01 00:00:00.000000', '2014-05-01 00:00:00.000000', '');
INSERT INTO `adm_asset` VALUES ('458', '00000631', '', '戴尔380台式机', '', '0', '1', '', '技术中心/报废设备', '', '2014-05-01 00:00:00.000000', '2014-05-01 00:00:00.000000', '');
INSERT INTO `adm_asset` VALUES ('459', '00000632', '', '联想M4028t', '', '0', '1', '', '技术中心/报废设备', '', '2009-11-11 00:00:00.000000', '2014-05-01 00:00:00.000000', '');
INSERT INTO `adm_asset` VALUES ('460', '00000633', '', '联想M4028t', '', '0', '1', '', '技术中心/报废设备', '', '2009-11-11 00:00:00.000000', '2014-05-01 00:00:00.000000', '');
INSERT INTO `adm_asset` VALUES ('461', '00000634', '', '联想M4028t', '', '0', '1', '', '技术中心/报废设备', '', '2009-11-11 00:00:00.000000', '2014-05-01 00:00:00.000000', '');
INSERT INTO `adm_asset` VALUES ('462', '00000635', '', '联想M4028t', '', '0', '1', '', '技术中心/报废设备', '', '2009-11-11 00:00:00.000000', '2014-05-01 00:00:00.000000', '');
INSERT INTO `adm_asset` VALUES ('463', '00000636', '', '联想M4028t', '', '0', '1', '', '技术中心/报废设备', '', '2009-11-11 00:00:00.000000', '2014-05-01 00:00:00.000000', '');
INSERT INTO `adm_asset` VALUES ('464', '00000637', '', '联想M4028t', '', '0', '1', '', '技术中心/报废设备', '', '2009-11-11 00:00:00.000000', '2014-05-01 00:00:00.000000', '');
INSERT INTO `adm_asset` VALUES ('465', '00000638', '', '联想M7100N', '', '0', '1', '', '技术中心/报废设备', '', '2009-10-29 00:00:00.000000', '2014-05-01 00:00:00.000000', '');
INSERT INTO `adm_asset` VALUES ('466', '00000639', '', '联想T4900v', '', '0', '1', '', '技术中心/报废设备', '', '2015-07-01 00:00:00.000000', '2015-07-01 00:00:00.000000', '原毛世杰离职时，退还电脑');
INSERT INTO `adm_asset` VALUES ('467', '00000640', '', '联想T4900d', 'NS19381933', '0', '1', '', '内容中心/节目制作', '直播转播', '2013-05-11 00:00:00.000000', '2014-05-01 00:00:00.000000', '');
INSERT INTO `adm_asset` VALUES ('468', '00000641', '', '联想T4900d', 'NS19381922', '0', '1', '', '内容中心/节目制作', '直播转播', '2013-05-11 00:00:00.000000', '2014-05-01 00:00:00.000000', '');
INSERT INTO `adm_asset` VALUES ('469', '00000643', '', '戴尔390', 'DQ8JKT1', '2430', '1', '', '内容中心/节目制作', '演播室', '2014-05-01 00:00:00.000000', '2014-05-01 00:00:00.000000', '');
INSERT INTO `adm_asset` VALUES ('470', '00000644', '', '戴尔390', '', '2430', '1', '', '技术中心/报废设备', '报废', '2014-05-01 00:00:00.000000', '2014-05-01 00:00:00.000000', '');
INSERT INTO `adm_asset` VALUES ('471', '00000645', '', '联想T4900v', '', '5900', '1', '', '运营中心/贵州手机报', '王利环', '2014-08-19 00:00:00.000000', '2015-11-20 00:00:00.000000', '20151120之前采购物资');
INSERT INTO `adm_asset` VALUES ('472', '00000646', '', '联想T4900v', '', '5900', '1', '', '运营中心/贵州手机报', '程东', '2014-11-27 00:00:00.000000', '2015-11-20 00:00:00.000000', '20151120之前采购物资');
INSERT INTO `adm_asset` VALUES ('473', '00000647', '', '联想T4900v', '', '5900', '1', '', '运营中心/贵州手机报', '罗亚楠', '2014-11-27 00:00:00.000000', '2015-11-20 00:00:00.000000', '20151120之前采购物资');
INSERT INTO `adm_asset` VALUES ('474', '00000648', '', '联想T4900c-23', '', '7200', '1', '', '运营中心/贵州手机报', '任端毅', '2017-03-11 00:00:00.000000', '2015-11-20 00:00:00.000000', '20151120之前采购物资');
INSERT INTO `adm_asset` VALUES ('475', '00000649', '', '联想T4900d', '', '0', '1', '', '技术中心/报废设备', '报废', '2013-05-11 00:00:00.000000', '2013-05-11 00:00:00.000000', '');
INSERT INTO `adm_asset` VALUES ('476', '00000650', '', '联想T4900d', '', '0', '1', '', '内容中心/文化文艺部', '', '2013-05-11 00:00:00.000000', '2013-05-11 00:00:00.000000', '');
INSERT INTO `adm_asset` VALUES ('477', '00000651', '', '戴尔390', '', '2430', '1', '', '内容中心/舆情服务部', '杨曜华', '2014-05-01 00:00:00.000000', '2014-05-01 00:00:00.000000', '');
INSERT INTO `adm_asset` VALUES ('478', '00000652', '', '兼容机', '', '0', '1', '', '内容中心/舆情服务部', '林童', '2014-05-01 00:00:00.000000', '2014-05-01 00:00:00.000000', '');
INSERT INTO `adm_asset` VALUES ('479', '00000653', '', '联想T4900v-00', 'BS03077903', '0', '1', '', '运营中心/策划营销部', '龚媛媛', '2014-12-11 00:00:00.000000', '2014-12-11 00:00:00.000000', '');
INSERT INTO `adm_asset` VALUES ('480', '00000654', '', '戴尔390', '', '2430', '1', '', '内容中心/科教新闻组', '陈飞宏', '2014-05-01 00:00:00.000000', '2014-05-01 00:00:00.000000', '');
INSERT INTO `adm_asset` VALUES ('481', '00000655', '', '联想T4900d', '', '0', '1', '', '内容中心/新媒体编辑组', '张颖', '2013-05-11 00:00:00.000000', '2014-05-01 00:00:00.000000', '');
INSERT INTO `adm_asset` VALUES ('482', '00000656', '', '兼容机', '', '0', '1', '', '内容中心/新媒体编辑组', '谢缙', '2014-05-01 00:00:00.000000', '2014-05-01 00:00:00.000000', '');
INSERT INTO `adm_asset` VALUES ('483', '00000657', '', '联想T4900d', '', '0', '1', '', '技术中心/报废设备', '', '2013-05-11 00:00:00.000000', '2014-05-01 00:00:00.000000', '');
INSERT INTO `adm_asset` VALUES ('484', '00000658', '', '戴尔380台式机', '', '0', '1', '', '内容中心/时事新闻组', '曹轶', '2014-05-01 00:00:00.000000', '2014-05-01 00:00:00.000000', '');
INSERT INTO `adm_asset` VALUES ('485', '00000659', '', '兼容机', '', null, '1', '', '内容中心/采访二部', '徐昆', '2014-05-01 00:00:00.000000', '2014-05-01 00:00:00.000000', '20151120之前采购物资');
INSERT INTO `adm_asset` VALUES ('486', '00000660', '', '戴尔390', '', '2430', '1', '', '运营中心/金融频道', '张嘉伦', '2014-05-01 00:00:00.000000', '2014-05-01 00:00:00.000000', '');
INSERT INTO `adm_asset` VALUES ('487', '00000661', '', '联想T4900d', '', '0', '1', '', '运营中心/金融频道', '王枥爽', '2013-05-11 00:00:00.000000', '2014-05-01 00:00:00.000000', '');
INSERT INTO `adm_asset` VALUES ('488', '00000662', '', '联想T4900d', '', '0', '1', '', '内容中心/中央编辑室', '季寅妮', '2013-05-11 00:00:00.000000', '2014-05-01 00:00:00.000000', '多彩贵州网有限责任公司用户终端及公用设备采购项目（201604-1）');
INSERT INTO `adm_asset` VALUES ('489', '00000663', '', '戴尔390', '', '2430', '1', '', '多彩品牌网', '', '2014-05-01 00:00:00.000000', '2014-05-01 00:00:00.000000', '');
INSERT INTO `adm_asset` VALUES ('490', '00000664', '', '联想A6800f-00', '', '0', '1', '', '多彩品牌网', '', '2016-12-22 00:00:00.000000', '2016-12-22 00:00:00.000000', '');
INSERT INTO `adm_asset` VALUES ('491', '00000665', '', '联想A6800f-10', '', '0', '1', '', '多彩品牌网', '陈祖贵', '2017-04-15 00:00:00.000000', '2017-04-15 00:00:00.000000', '');
INSERT INTO `adm_asset` VALUES ('492', '00000666', '', '联想R4900d', '', '0', '1', '', '多彩品牌网', '石培钦', '2014-02-20 00:00:00.000000', '2014-02-20 00:00:00.000000', '');
INSERT INTO `adm_asset` VALUES ('493', '00000667', '', '联想A6800f-10', '', '0', '1', '', '多彩品牌网', '李飘', '2017-04-15 00:00:00.000000', '2017-04-15 00:00:00.000000', '');
INSERT INTO `adm_asset` VALUES ('494', '00000668', '', '戴尔380台式机', '', '0', '1', '', '多彩品牌网', '薛景益', '2014-05-01 00:00:00.000000', '2014-05-01 00:00:00.000000', '');
INSERT INTO `adm_asset` VALUES ('495', '00000669', '', '戴尔380台式机', '', '0', '1', '', '多彩品牌网', '代正敏', '2014-05-01 00:00:00.000000', '2014-05-01 00:00:00.000000', '');
INSERT INTO `adm_asset` VALUES ('496', '00000670', '', '联想M4028t', '', '0', '1', '', '多彩品牌网', '瞿慧敏', '2009-11-11 00:00:00.000000', '2014-05-01 00:00:00.000000', '');
INSERT INTO `adm_asset` VALUES ('497', '00000671', '', '联想A6800f-10', '', '0', '1', '', '多彩品牌网', '', '2017-03-24 00:00:00.000000', '2017-03-24 00:00:00.000000', '');
INSERT INTO `adm_asset` VALUES ('498', '00000672', '', '联想A6800f-10', '', '0', '1', '', '多彩品牌网', '代小波', '2017-04-15 00:00:00.000000', '2017-04-15 00:00:00.000000', '');
INSERT INTO `adm_asset` VALUES ('499', '00000673', '', '联想M4028t', '', '0', '1', '', '技术中心/报废设备', '', '2009-11-11 00:00:00.000000', '2014-05-01 00:00:00.000000', '');
INSERT INTO `adm_asset` VALUES ('500', '00000674', '', '联想M4028t', '', '0', '1', '', '技术中心/报废设备', '', '2009-11-11 00:00:00.000000', '2014-05-01 00:00:00.000000', '');
INSERT INTO `adm_asset` VALUES ('501', '00000675', '', '联想A6800f-00', '', '0', '1', '', '多彩品牌网', '黄滔', '2016-12-22 00:00:00.000000', '2016-12-22 00:00:00.000000', '');
INSERT INTO `adm_asset` VALUES ('502', '00000676', '', '联想R4900d', '', '0', '1', '', '多彩品牌网', '许贝', '2014-02-20 00:00:00.000000', '2014-02-20 00:00:00.000000', '');
INSERT INTO `adm_asset` VALUES ('503', '00000677', '', '联想A6800f-10', '', '0', '1', '', '多彩品牌网', '葛世驰', '2017-04-15 00:00:00.000000', '2017-04-15 00:00:00.000000', '');
INSERT INTO `adm_asset` VALUES ('504', '00000678', '', '联想T4900d', '', '0', '1', '', '运营中心/法制贵州网', '黄玲娜', '2013-05-11 00:00:00.000000', '2014-05-01 00:00:00.000000', '');
INSERT INTO `adm_asset` VALUES ('505', '00000679', '', '联想M4028t', '', '0', '1', '', '运营中心/法制贵州网', '张黎露', '2009-11-11 00:00:00.000000', '2014-05-01 00:00:00.000000', '');
INSERT INTO `adm_asset` VALUES ('506', '00000680', '', '联想M4028t', '', '0', '1', '', '运营中心/法制贵州网', '', '2009-11-11 00:00:00.000000', '2014-05-01 00:00:00.000000', '');
INSERT INTO `adm_asset` VALUES ('507', '00000681', '', '联想A8000f-00', 'P503QQ0Z', '6624', '1', '', '运营中心/房车酒网', '梁国攀', '2016-07-27 00:00:00.000000', '2016-12-22 00:00:00.000000', '');
INSERT INTO `adm_asset` VALUES ('508', '00000682', '', '戴尔380台式机', '', '0', '1', '', '公司层面', '', '2014-05-01 00:00:00.000000', '2014-05-01 00:00:00.000000', '');
INSERT INTO `adm_asset` VALUES ('509', '00000683', '', '戴尔380台式机', '', '0', '1', '', '多彩宝', '夏杰办公室', '2014-05-01 00:00:00.000000', '2014-05-01 00:00:00.000000', '');
INSERT INTO `adm_asset` VALUES ('510', '00000684', '', '联想T4900C', '', '6050', '1', '', '多彩宝', '王宇', '2015-10-01 00:00:00.000000', '2015-10-01 00:00:00.000000', '办公设备201510-1');
INSERT INTO `adm_asset` VALUES ('511', '00000685', '', '联想T4900C', '', '6050', '1', '', '多彩宝', '杨菲', '2015-10-01 00:00:00.000000', '2015-10-01 00:00:00.000000', '办公设备201510-1');
INSERT INTO `adm_asset` VALUES ('512', '00000686', '联想', '联想R4900d', '', '5930', '1', '', '存疑设备', '应急工位', '2014-05-24 00:00:00.000000', '2015-11-20 00:00:00.000000', '20151120之前采购物资');
INSERT INTO `adm_asset` VALUES ('513', '00000687', '联想', '联想R4900d', '', '5930', '1', '', '多彩黔行', '谭艳嵩', '2014-07-10 00:00:00.000000', '2015-11-20 00:00:00.000000', '20151120之前采购物资');
INSERT INTO `adm_asset` VALUES ('514', '00000688', '', '联想T4900d', '', '0', '1', '', '多彩黔行', '李浔', '2013-05-11 00:00:00.000000', '2014-05-01 00:00:00.000000', '');
INSERT INTO `adm_asset` VALUES ('515', '00000689', '', '联想T4900v', 'BS02405594', '5900', '1', '', '多彩黔行', '易丽霞', '2014-08-19 00:00:00.000000', '2015-11-20 00:00:00.000000', '20151120之前采购物资');
INSERT INTO `adm_asset` VALUES ('516', '00000692', '', '戴尔380台式机', '', '0', '1', '', '财务中心/财务部', '', '2014-05-01 00:00:00.000000', '2014-05-01 00:00:00.000000', '');
INSERT INTO `adm_asset` VALUES ('517', '00000693', '', '戴尔380台式机', '', '0', '1', '', '人力资源中心/人力资源部', '徐江', '2014-05-01 00:00:00.000000', '2014-05-01 00:00:00.000000', '');
INSERT INTO `adm_asset` VALUES ('518', '00000694', '', '联想M4900c-00', '', '0', '1', '', '人力资源中心/人力资源部', '', '2015-10-13 00:00:00.000000', '2015-11-20 00:00:00.000000', '');
INSERT INTO `adm_asset` VALUES ('519', '00000695', '', '联想T4900d', 'NS19381903', '0', '1', '', '技术中心/运行维护部', '绩效服务器', '2013-05-11 00:00:00.000000', '2014-05-01 00:00:00.000000', '');
INSERT INTO `adm_asset` VALUES ('520', '00000696', '', '联想T4900v', 'BS02468708', '0', '1', '', '技术中心/运行维护部', '监控室', '2014-09-03 00:00:00.000000', '2018-03-02 00:00:00.000000', '');
INSERT INTO `adm_asset` VALUES ('521', '00000697', '', '联想T4900v', '', '0', '1', '', '内容中心/文化文艺部', '郭邱磊', '2014-11-05 00:00:00.000000', '2014-11-05 00:00:00.000000', '');
INSERT INTO `adm_asset` VALUES ('522', '00000698', '', '戴尔390', '', '2430', '1', '', '行政中心/党员办公室', '毛凯思', '2014-05-31 00:00:00.000000', '2014-05-31 00:00:00.000000', '');
INSERT INTO `adm_asset` VALUES ('523', '00000699', '', '联想R4900d', '', '0', '1', '', '行政中心/办公室', '车队办公室', '2014-07-10 00:00:00.000000', '2014-07-10 00:00:00.000000', '');
INSERT INTO `adm_asset` VALUES ('524', '00000700', '联想', '联想R4900d', 'NS20789775', '5930', '1', '', '多彩黔行', '夏俊杰', '2014-02-20 00:00:00.000000', '2015-11-20 00:00:00.000000', '20151120之前采购物资');
INSERT INTO `adm_asset` VALUES ('525', '00000701', '', '戴尔380台式机', '', '0', '1', '', '公司层面', '', '2014-05-01 00:00:00.000000', '2014-05-01 00:00:00.000000', '捐助桐梓县新站镇');
INSERT INTO `adm_asset` VALUES ('526', '00000702', '', '戴尔380台式机', '', '0', '1', '', '公司层面', '', '2014-05-01 00:00:00.000000', '2014-05-01 00:00:00.000000', '捐助桐梓县新站镇');
INSERT INTO `adm_asset` VALUES ('527', '00000703', '', '戴尔380台式机', '', '0', '1', '', '公司层面', '', '2014-05-01 00:00:00.000000', '2014-05-01 00:00:00.000000', '捐助桐梓县新站镇');
INSERT INTO `adm_asset` VALUES ('528', '00000704', '', '戴尔380台式机', '', '0', '1', '', '公司层面', '', '2014-05-01 00:00:00.000000', '2014-05-01 00:00:00.000000', '捐助桐梓县新站镇');
INSERT INTO `adm_asset` VALUES ('529', '00000705', '', '戴尔380台式机', '', '0', '1', '', '公司层面', '', '2014-05-01 00:00:00.000000', '2014-05-01 00:00:00.000000', '捐助桐梓县新站镇');
INSERT INTO `adm_asset` VALUES ('530', '00000706', '', '戴尔380台式机', '', '0', '1', '', '公司层面', '', '2014-05-01 00:00:00.000000', '2014-05-01 00:00:00.000000', '捐助桐梓县新站镇');
INSERT INTO `adm_asset` VALUES ('531', '00000707', '', '戴尔380台式机', '', '0', '1', '', '公司层面', '', '2014-05-01 00:00:00.000000', '2014-05-01 00:00:00.000000', '捐助黔西县定新乡');
INSERT INTO `adm_asset` VALUES ('532', '00000708', '', '戴尔380台式机', '', '0', '1', '', '公司层面', '', '2014-05-01 00:00:00.000000', '2014-05-01 00:00:00.000000', '网信办借用');
INSERT INTO `adm_asset` VALUES ('533', '00000709', '', '戴尔380台式机', '', '0', '1', '', '公司层面', '', '2014-05-01 00:00:00.000000', '2014-05-01 00:00:00.000000', '网信办借用');
INSERT INTO `adm_asset` VALUES ('534', '00000710', '', '戴尔380台式机', '', '0', '1', '', '公司层面', '', '2014-05-01 00:00:00.000000', '2014-05-01 00:00:00.000000', '食堂，管理室');
INSERT INTO `adm_asset` VALUES ('535', '00000711', '', '戴尔380台式机', '', '0', '1', '', '公司层面', '', '2014-05-01 00:00:00.000000', '2014-05-01 00:00:00.000000', '负二楼,报废电脑');
INSERT INTO `adm_asset` VALUES ('536', '00000712', '', '戴尔380台式机', '', '0', '1', '', '公司层面', '', '2014-05-01 00:00:00.000000', '2014-05-01 00:00:00.000000', '负二楼,报废电脑');
INSERT INTO `adm_asset` VALUES ('537', '00000713', '', '戴尔380台式机', '', '0', '1', '', '公司层面', '', '2014-05-01 00:00:00.000000', '2014-05-01 00:00:00.000000', '负二楼,报废电脑');
INSERT INTO `adm_asset` VALUES ('538', '00000714', '', '戴尔390', '', '2430', '1', '', '公司层面', '', '2014-05-31 00:00:00.000000', '2014-05-31 00:00:00.000000', '网信办借用');
INSERT INTO `adm_asset` VALUES ('539', '00000715', '', '戴尔390', '', '2430', '1', '', '公司层面', '', '2014-05-31 00:00:00.000000', '2014-05-31 00:00:00.000000', '网信办借用');
INSERT INTO `adm_asset` VALUES ('540', '00000716', '', '戴尔390', '', '2430', '1', '', '公司层面', '', '2014-05-31 00:00:00.000000', '2014-05-31 00:00:00.000000', '网信办借用');
INSERT INTO `adm_asset` VALUES ('541', '00000717', '', '戴尔390', '', '2430', '1', '', '公司层面', '', '2014-05-31 00:00:00.000000', '2014-05-31 00:00:00.000000', '网信办借用');
INSERT INTO `adm_asset` VALUES ('542', '00000718', '', '戴尔390', 'CN8JKT1', '2430', '1', '', '多彩黔行', '', '2014-05-01 00:00:00.000000', '2014-05-01 00:00:00.000000', '');
INSERT INTO `adm_asset` VALUES ('543', '00000719', '', '兼容机', '', '4963', '1', '', '技术中心/运行维护部', '宋在华', '2018-03-05 00:00:00.000000', '2018-03-05 00:00:00.000000', '');
INSERT INTO `adm_asset` VALUES ('544', '00000720', '', '戴尔Vostro3668', '', '4947', '1', '', '内容中心/总编室', '徐令', '2018-03-05 00:00:00.000000', '2018-03-05 00:00:00.000000', '');
INSERT INTO `adm_asset` VALUES ('545', '00000721', '', '戴尔Vostro3668', '', '4947', '1', '', '内容中心/采访二部', '陈李育', '2018-03-05 00:00:00.000000', '2018-03-05 00:00:00.000000', '');
INSERT INTO `adm_asset` VALUES ('546', '00000722', '', '小米 Air 13.3', '', '4880', '1', '', '内容中心/文化文艺部', '孙凯', '2018-01-01 00:00:00.000000', '2018-03-05 00:00:00.000000', '');
INSERT INTO `adm_asset` VALUES ('547', '00000723', '', '戴尔Vostro3668', '', '4024', '1', '', '运营中心/遵义分公司', '', '2018-03-05 00:00:00.000000', '2018-03-08 00:00:00.000000', '');
INSERT INTO `adm_asset` VALUES ('548', '00000724', '', '戴尔Vostro3668', '', '4024', '1', '', '运营中心/遵义分公司', '', '2018-03-05 00:00:00.000000', '2018-03-08 00:00:00.000000', '');
INSERT INTO `adm_asset` VALUES ('549', '00000725', '', '联想_小新_潮5000', '', '4323', '1', '', '运营中心/遵义分公司', '', '2018-03-08 00:00:00.000000', '2018-03-08 00:00:00.000000', '');
INSERT INTO `adm_asset` VALUES ('550', '00000726', '', '联想_小新_潮5000', '', '4323', '1', '', '运营中心/遵义分公司', '', '2018-03-08 00:00:00.000000', '2018-03-08 00:00:00.000000', '');
INSERT INTO `adm_asset` VALUES ('551', '00000727', '', '佳能_EOS_80D', '', '7897', '1', '', '运营中心/遵义分公司', '', '2018-03-08 00:00:00.000000', '2018-03-08 00:00:00.000000', '');
INSERT INTO `adm_asset` VALUES ('552', '00000728', '', '佳能_EOS_80D', '', '7897', '1', '', '运营中心/遵义分公司', '', '2018-03-08 00:00:00.000000', '2018-03-08 00:00:00.000000', '');
INSERT INTO `adm_asset` VALUES ('553', '00000729', '', '佳能_EOS_80D', '', '7897', '1', '', '运营中心/遵义分公司', '', '2018-03-08 00:00:00.000000', '2018-03-08 00:00:00.000000', '');
INSERT INTO `adm_asset` VALUES ('554', '00000730', '', '戴尔380台式机', '', '0', '1', '', '公司层面', '', '2014-05-01 00:00:00.000000', '2014-05-01 00:00:00.000000', '食堂，管理室');
INSERT INTO `adm_asset` VALUES ('555', '00000731', '', '戴尔390', '', '2430', '1', '', '公司层面', '', '2014-05-01 00:00:00.000000', '2014-05-01 00:00:00.000000', '食堂，管理室');
INSERT INTO `adm_asset` VALUES ('556', '00000732', '', '数码相机7D_Mark_Ⅲ', '', '10453', '1', '', '多彩品牌网', '柏青', '2018-03-13 00:00:00.000000', '2018-03-13 00:00:00.000000', '');
INSERT INTO `adm_asset` VALUES ('557', '00000733', '', '联想小新i2000', '', '3547', '1', '', '运营中心/大扶贫频道', '孙斌', '2018-03-13 00:00:00.000000', '2018-03-13 00:00:00.000000', '');
INSERT INTO `adm_asset` VALUES ('558', '00000734', '', '联想小新i2000', 'R90KXVJW', '3547', '1', '', '运营中心/大健康频道', '简薏晔', '2018-03-13 00:00:00.000000', '2018-03-13 00:00:00.000000', '');
INSERT INTO `adm_asset` VALUES ('559', '00000735', '', '佳能 EOS 70D套机', '', '8376', '1', '', '运营中心/大扶贫频道', '孙斌', '2017-04-05 00:00:00.000000', '2017-04-05 00:00:00.000000', '');
INSERT INTO `adm_asset` VALUES ('560', '00000736', '佳能', '佳能ic MF633 CDW', '', '3410', '1', '', '运营中心/贵州手机报', '张典', '2018-03-22 00:00:00.000000', '2018-03-22 00:00:00.000000', '');
INSERT INTO `adm_asset` VALUES ('561', '00000737', '', '高视多卡聚合直播器', '', '12000', '1', '', '内容中心/节目制作', '肖子烨', '2018-04-02 00:00:00.000000', '2018-04-02 00:00:00.000000', '');
INSERT INTO `adm_asset` VALUES ('562', '00000738', '', '高视多卡聚合直播器', '', '12000', '1', '', '内容中心/节目制作', '肖子烨', '2018-04-02 00:00:00.000000', '2018-04-02 00:00:00.000000', '');
INSERT INTO `adm_asset` VALUES ('563', '00000739', '', '高视多卡聚合直播器', '', '12000', '1', '', '内容中心/节目制作', '肖子烨', '2018-04-02 00:00:00.000000', '2018-04-02 00:00:00.000000', '');
INSERT INTO `adm_asset` VALUES ('564', '00000740', '', '佳能_EOS_80D', '', '7684', '1', '', '运营中心/铜仁分公司', '文波', '2018-04-02 00:00:00.000000', '2018-04-02 00:00:00.000000', '');
INSERT INTO `adm_asset` VALUES ('565', '00000741', '', '小新_潮_7000', 'YD03FTUK', '5368', '1', '', '宣传文化云', '王小军', '2017-12-15 00:00:00.000000', '2018-04-12 00:00:00.000000', '');
INSERT INTO `adm_asset` VALUES ('566', '00000742', '', '小新_潮_7000', 'YD03FU3J', '5368', '1', '', '宣传文化云', '黄可', '2017-12-15 00:00:00.000000', '2018-04-12 00:00:00.000000', '');
INSERT INTO `adm_asset` VALUES ('567', '00000743', '戴尔', '宣传文化台式电脑', '', '5812', '1', '', '宣传文化云', '', '2018-04-12 00:00:00.000000', '2018-04-12 00:00:00.000000', '');
INSERT INTO `adm_asset` VALUES ('568', '00000744', '戴尔', '宣传文化台式电脑', '', '5812', '1', '', '宣传文化云', '', '2018-04-12 00:00:00.000000', '2018-04-12 00:00:00.000000', '');
INSERT INTO `adm_asset` VALUES ('569', '00000745', '戴尔', '宣传文化台式电脑', '', '5812', '1', '', '宣传文化云', '', '2018-04-12 00:00:00.000000', '2018-04-12 00:00:00.000000', '');
INSERT INTO `adm_asset` VALUES ('570', '00000746', '戴尔', '宣传文化台式电脑', '', '5812', '1', '', '宣传文化云', '', '2018-04-12 00:00:00.000000', '2018-04-12 00:00:00.000000', '');
INSERT INTO `adm_asset` VALUES ('571', '00000747', '戴尔', '宣传文化台式电脑', '', '5812', '1', '', '宣传文化云', '', '2018-04-12 00:00:00.000000', '2018-04-12 00:00:00.000000', '');
INSERT INTO `adm_asset` VALUES ('572', '00000748', '戴尔', '宣传文化台式电脑', '', '5812', '1', '', '宣传文化云', '', '2018-04-12 00:00:00.000000', '2018-04-12 00:00:00.000000', '');
INSERT INTO `adm_asset` VALUES ('573', '00000749', '戴尔', '宣传文化台式电脑', '', '5812', '1', '', '宣传文化云', '', '2018-04-12 00:00:00.000000', '2018-04-12 00:00:00.000000', '');
INSERT INTO `adm_asset` VALUES ('574', '00000750', '戴尔', '宣传文化台式电脑', '', '5812', '1', '', '宣传文化云', '', '2018-04-12 00:00:00.000000', '2018-04-12 00:00:00.000000', '');
INSERT INTO `adm_asset` VALUES ('575', '00000751', '戴尔', '宣传文化台式电脑', '', '5812', '1', '', '宣传文化云', '', '2018-04-12 00:00:00.000000', '2018-04-12 00:00:00.000000', '');
INSERT INTO `adm_asset` VALUES ('576', '00000752', '戴尔', '宣传文化台式电脑', '', '5812', '1', '', '宣传文化云', '', '2018-04-12 00:00:00.000000', '2018-04-12 00:00:00.000000', '');
INSERT INTO `adm_asset` VALUES ('577', '00000753', '戴尔', '宣传文化台式电脑', '', '5812', '1', '', '宣传文化云', '', '2018-04-12 00:00:00.000000', '2018-04-12 00:00:00.000000', '');
INSERT INTO `adm_asset` VALUES ('578', '00000754', '戴尔', '宣传文化台式电脑', '', '5812', '1', '', '宣传文化云', '', '2018-04-12 00:00:00.000000', '2018-04-12 00:00:00.000000', '');
INSERT INTO `adm_asset` VALUES ('579', '00000755', '戴尔', '宣传文化台式电脑', '', '5812', '1', '', '宣传文化云', '', '2018-04-12 00:00:00.000000', '2018-04-12 00:00:00.000000', '');
INSERT INTO `adm_asset` VALUES ('580', '00000756', '戴尔', '宣传文化台式电脑', '', '5812', '1', '', '宣传文化云', '', '2018-04-12 00:00:00.000000', '2018-04-12 00:00:00.000000', '');
INSERT INTO `adm_asset` VALUES ('581', '00000757', '戴尔', '宣传文化台式电脑', '', '5812', '1', '', '宣传文化云', '', '2018-04-12 00:00:00.000000', '2018-04-12 00:00:00.000000', '');
INSERT INTO `adm_asset` VALUES ('582', '00000758', '戴尔', '宣传文化台式电脑', '', '5812', '1', '', '宣传文化云', '', '2018-04-12 00:00:00.000000', '2018-04-12 00:00:00.000000', '');
INSERT INTO `adm_asset` VALUES ('583', '00000759', '戴尔', '宣传文化台式电脑', '', '5812', '1', '', '宣传文化云', '', '2018-04-12 00:00:00.000000', '2018-04-12 00:00:00.000000', '');
INSERT INTO `adm_asset` VALUES ('584', '00000760', '戴尔', '宣传文化台式电脑', '', '5812', '1', '', '宣传文化云', '', '2018-04-12 00:00:00.000000', '2018-04-12 00:00:00.000000', '');
INSERT INTO `adm_asset` VALUES ('585', '00000761', '戴尔', '宣传文化台式电脑', '', '5812', '1', '', '宣传文化云', '', '2018-04-12 00:00:00.000000', '2018-04-12 00:00:00.000000', '');
INSERT INTO `adm_asset` VALUES ('586', '00000762', '戴尔', '宣传文化台式电脑', '', '5812', '1', '', '宣传文化云', '', '2018-04-12 00:00:00.000000', '2018-04-12 00:00:00.000000', '');
INSERT INTO `adm_asset` VALUES ('587', '00000763', '联想', '扬天T4900d-00', '016010947290GKCTO1WW', '4650', '1', '', '运营中心/黔西南分公司', '王小勇', '2018-05-14 00:00:00.000000', '2018-06-19 00:00:00.000000', '');
INSERT INTO `adm_asset` VALUES ('588', '00000764', '联想', '扬天T4900d-00', '', '4650', '1', '', '运营中心/毕节分公司', '刘其霖', '2018-05-14 00:00:00.000000', '2018-05-14 00:00:00.000000', '');
INSERT INTO `adm_asset` VALUES ('589', '00000765', '联想', '扬天T4900d-00', '', '4650', '1', '', '运营中心/六盘水分公司', '夏航', '2018-05-14 00:00:00.000000', '2018-05-14 00:00:00.000000', '');
INSERT INTO `adm_asset` VALUES ('590', '00000766', '联想', '扬天T4900d-00', '', '4650', '1', '', '运营中心/黔东南分公司', '夏金', '2018-05-14 00:00:00.000000', '2018-05-14 00:00:00.000000', '');
INSERT INTO `adm_asset` VALUES ('591', '00000767', '', '小米Air笔记本', '17247/00020672', '5680', '1', '', '运营中心/黔西南分公司', '王小勇', '2018-05-14 00:00:00.000000', '2018-06-19 00:00:00.000000', '');
INSERT INTO `adm_asset` VALUES ('592', '00000768', '', '小米Air笔记本', '17247/00027703', '5680', '1', '', '运营中心/铜仁分公司', '朱泗蓉', '2018-05-14 00:00:00.000000', '2018-05-14 00:00:00.000000', '');
INSERT INTO `adm_asset` VALUES ('593', '00000769', '', '小米Air笔记本', '17247/00026678', '5680', '1', '', '运营中心/毕节分公司', '刘其霖', '2018-05-14 00:00:00.000000', '2018-05-14 00:00:00.000000', '');
INSERT INTO `adm_asset` VALUES ('594', '00000770', '', '小米Air笔记本', '17247/00027671', '5680', '1', '', '运营中心/六盘水分公司', '夏航', '2018-05-14 00:00:00.000000', '2018-05-14 00:00:00.000000', '');
INSERT INTO `adm_asset` VALUES ('595', '00000771', '', '小米Air笔记本', '17247/00027757', '5680', '1', '', '运营中心/黔东南分公司', '夏金', '2018-05-14 00:00:00.000000', '2018-05-14 00:00:00.000000', '');
INSERT INTO `adm_asset` VALUES ('596', '00000772', '', '小米Air笔记本', '17247/00027468', '5680', '1', '', '运营中心/黔东南分公司', '夏金', '2018-05-14 00:00:00.000000', '2018-05-14 00:00:00.000000', '');
INSERT INTO `adm_asset` VALUES ('597', '00000773', '', '小米Air笔记本', '17247/00026679', '5680', '1', '', '运营中心/安顺分公司', '陈泽赟', '2018-05-14 00:00:00.000000', '2018-05-14 00:00:00.000000', '');
INSERT INTO `adm_asset` VALUES ('598', '00000774', '佳能', '佳能单反相机_80D', '', '9950', '1', '', '运营中心/黔南分公司', '欧铠玥', '2018-05-14 00:00:00.000000', '2018-05-14 00:00:00.000000', '');
INSERT INTO `adm_asset` VALUES ('599', '00000775', '佳能', '佳能单反相机_80D', '911263C01692AA21234024001803', '9950', '1', '', '运营中心/黔西南分公司', '王小勇', '2018-05-14 00:00:00.000000', '2018-05-14 00:00:00.000000', '');
INSERT INTO `adm_asset` VALUES ('600', '00000776', '佳能', '佳能单反相机_80D', '911263C01692AA21234024003198', '9950', '1', '', '运营中心/毕节分公司', '刘其霖', '2018-05-14 00:00:00.000000', '2018-05-14 00:00:00.000000', '');
INSERT INTO `adm_asset` VALUES ('601', '00000777', '佳能', '佳能单反相机_80D', '911263C01692AA21244024002229', '9950', '1', '', '运营中心/六盘水分公司', '夏航', '2018-05-14 00:00:00.000000', '2018-05-14 00:00:00.000000', '');
INSERT INTO `adm_asset` VALUES ('602', '00000778', '佳能', '佳能单反相机_80D', '911263C01692AA21254024002326', '9950', '1', '', '运营中心/安顺分公司', '陈泽赟', '2018-05-14 00:00:00.000000', '2018-05-14 00:00:00.000000', '');
INSERT INTO `adm_asset` VALUES ('603', '00000779', '佳能', '佳能单反相机_80D', '911263C01692AA21254024002274', '9950', '1', '', '运营中心/黔东南分公司', '夏金', '2018-05-14 00:00:00.000000', '2018-05-14 00:00:00.000000', '');
INSERT INTO `adm_asset` VALUES ('604', '00000780', '', '联想台式电脑（高配）扬天T4900d-00', '0160113003', '5850', '1', '', '内容中心/文化文艺部', '陈燕', '2018-05-14 00:00:00.000000', '2018-05-14 00:00:00.000000', '');
INSERT INTO `adm_asset` VALUES ('605', '00000781', '', '联想台式电脑（高配）扬天T4900d-00', '97Q4N08SG9', '5850', '1', '', '运营中心/策划营销部', '王瑜', '2018-05-14 00:00:00.000000', '2018-05-14 00:00:00.000000', '');
INSERT INTO `adm_asset` VALUES ('606', '00000782', '', '苹果 Mac mini', '', '6950', '1', '', '内容中心/内容产品研发工作室', '乐进', '2018-05-14 00:00:00.000000', '2018-05-14 00:00:00.000000', '');
INSERT INTO `adm_asset` VALUES ('607', '00000783', '佳能', '佳能单反相机_80D', '911263C01692AA21264024002062', '9900', '1', '', '运营中心/金融频道', '张嘉伦', '2018-06-05 00:00:00.000000', '2018-06-11 00:00:00.000000', '');
INSERT INTO `adm_asset` VALUES ('608', '00000784', '佳能', '佳能单反相机_80D', '911263C01692AA21264024012680', '9900', '1', '', '运营中心/视频项目组', '李兰', '2018-06-05 00:00:00.000000', '2018-06-05 00:00:00.000000', '');
INSERT INTO `adm_asset` VALUES ('609', '00000785', '佳能', '佳能单反相机_80D', '911263C01692AA21264024012815', '9900', '1', '', '运营中心/视频项目组', '李兰', '2018-06-05 00:00:00.000000', '2018-06-05 00:00:00.000000', '');
INSERT INTO `adm_asset` VALUES ('610', '00000786', '佳能', '佳能单反相机_80D', '911263C01692AA21264024002061', '9900', '1', '', '运营中心/大扶贫频道', '王都安', '2018-06-05 00:00:00.000000', '2018-06-19 00:00:00.000000', '');
INSERT INTO `adm_asset` VALUES ('611', '00000787', '佳能', '佳能单反相机_80D', '911263C01692AA21264024007407', '9900', '1', '', '运营中心/活动会展组', '姚麒', '2018-06-05 00:00:00.000000', '2018-06-19 00:00:00.000000', '');
INSERT INTO `adm_asset` VALUES ('612', '00000788', '佳能', '佳能单反相机_80D', '911263C01692AA21264024012677', '9900', '1', '', '运营中心/房车酒网', '段洪', '2018-06-05 00:00:00.000000', '2018-06-19 00:00:00.000000', '');
INSERT INTO `adm_asset` VALUES ('613', '00000789', '佳能', '佳能单反相机_80D', '911263C01692AA21264024002065', '9900', '1', '', '运营中心/法制贵州网', '田建红', '2018-06-05 00:00:00.000000', '2018-06-22 00:00:00.000000', '');
INSERT INTO `adm_asset` VALUES ('614', '00000790', '佳能', '佳能单反相机_80D', '911263C01692AA21264024012819', '9900', '1', '', '运营中心/地方频道部', '', '2018-06-05 00:00:00.000000', '2018-06-22 00:00:00.000000', '');
INSERT INTO `adm_asset` VALUES ('615', '00000791', '佳能', '佳能单反相机_80D', '911263C01692AA21264024007405', '9900', '1', '', '运营中心/大健康频道', '周泓洁', '2018-06-05 00:00:00.000000', '2018-06-22 00:00:00.000000', '');
INSERT INTO `adm_asset` VALUES ('616', '00000792', '佳能', '佳能单反相机_80D', '911263C01692AA21264024002060', '9900', '1', '', '运营中心/策划营销部', '徐书艺', '2018-06-05 00:00:00.000000', '2018-06-22 00:00:00.000000', '');
INSERT INTO `adm_asset` VALUES ('617', '00000793', '', '天逸510Pro-18IKL', 'R305GFNA', '5850', '1', '', '内容中心/节目制作', '饶娜', '2018-06-05 00:00:00.000000', '2018-06-05 00:00:00.000000', '');
INSERT INTO `adm_asset` VALUES ('618', '00000794', '', '天逸510Pro-18IKL', 'R305GFYQ', '5850', '1', '', '人力资源中心/人力资源部', '王斯未', '2018-06-05 00:00:00.000000', '2018-06-05 00:00:00.000000', '');
INSERT INTO `adm_asset` VALUES ('619', '00000795', '', '天逸510Pro-18IKL', 'R305GFSU', '5850', '1', '', '运营中心/金融频道', '李懿', '2018-06-05 00:00:00.000000', '2018-06-11 00:00:00.000000', '');
INSERT INTO `adm_asset` VALUES ('620', '00000796', '', '天逸510Pro-18IKL', 'R305GF7W', '5850', '1', '', '运营中心/金融频道', '', '2018-06-05 00:00:00.000000', '2018-06-11 00:00:00.000000', '');
INSERT INTO `adm_asset` VALUES ('621', '00000797', '', '天逸510Pro-18IKL', 'R305GFP5', '5850', '1', '', '运营中心/视频项目组', '龚明星', '2018-06-05 00:00:00.000000', '2018-06-05 00:00:00.000000', '');
INSERT INTO `adm_asset` VALUES ('622', '00000798', '', '天逸510Pro-18IKL', 'R305GFVV', '5850', '1', '', '运营中心/大扶贫频道', '石琳婕', '2018-06-05 00:00:00.000000', '2018-06-19 00:00:00.000000', '');
INSERT INTO `adm_asset` VALUES ('623', '00000799', '', '天逸510Pro-18IKL', 'R305GFS6', '5850', '1', '', '运营中心/大扶贫频道', '谢清风', '2018-06-05 00:00:00.000000', '2018-06-19 00:00:00.000000', '');
INSERT INTO `adm_asset` VALUES ('624', '00000800', '', '天逸510Pro-18IKL', 'R305GFT4', '5850', '1', '', '运营中心/大扶贫频道', '张荣敏', '2018-06-05 00:00:00.000000', '2018-06-19 00:00:00.000000', '');
INSERT INTO `adm_asset` VALUES ('625', '00000801', '', '天逸510Pro-18IKL', 'R305GF7X', '5850', '1', '', '运营中心/活动会展组', '姚麒', '2018-06-05 00:00:00.000000', '2018-06-19 00:00:00.000000', '');
INSERT INTO `adm_asset` VALUES ('626', '00000802', '', '天逸510Pro-18IKL', 'R305GFYL', '5850', '1', '', '运营中心/活动会展组', '赵冶雄', '2018-06-05 00:00:00.000000', '2018-06-19 00:00:00.000000', '');
INSERT INTO `adm_asset` VALUES ('627', '00000803', '', '天逸510Pro-18IKL', 'R305GF82', '5850', '1', '', '运营中心/活动会展组', '杨倩', '2018-06-05 00:00:00.000000', '2018-06-19 00:00:00.000000', '');
INSERT INTO `adm_asset` VALUES ('628', '00000804', '', '天逸510Pro-18IKL', 'R305GFS2', '5850', '1', '', '运营中心/房车酒网', '孙天敏', '2018-06-05 00:00:00.000000', '2018-06-19 00:00:00.000000', '');
INSERT INTO `adm_asset` VALUES ('629', '00000805', '', '天逸510Pro-18IKL', 'R305GFHK', '5850', '1', '', '运营中心/房车酒网', '秦红英', '2018-06-05 00:00:00.000000', '2018-06-19 00:00:00.000000', '');
INSERT INTO `adm_asset` VALUES ('630', '00000806', '', '天逸510Pro-18IKL', 'R305GFNC', '5850', '1', '', '运营中心/房车酒网', '', '2018-06-05 00:00:00.000000', '2018-06-19 00:00:00.000000', '');
INSERT INTO `adm_asset` VALUES ('631', '00000807', '', '天逸510Pro-18IKL', 'R305GFZM', '5850', '1', '', '财务中心/财务部', '罗明霞', '2018-06-05 00:00:00.000000', '2018-06-05 00:00:00.000000', '');
INSERT INTO `adm_asset` VALUES ('632', '00000808', '', '天逸510Pro-18IKL', 'R305GFM3', '5850', '1', '', '财务中心/财务部', '刘华', '2018-06-05 00:00:00.000000', '2018-06-05 00:00:00.000000', '');
INSERT INTO `adm_asset` VALUES ('633', '00000809', '', '天逸510Pro-18IKL', 'R305GFNF', '5850', '1', '', '运营中心/法制贵州网', '文叶', '2018-06-05 00:00:00.000000', '2018-06-22 00:00:00.000000', '');
INSERT INTO `adm_asset` VALUES ('634', '00000810', '', '天逸510Pro-18IKL', 'R305GF6P', '5850', '1', '', '运营中心/法制贵州网', '杨婧', '2018-06-05 00:00:00.000000', '2018-06-05 00:00:00.000000', '');
INSERT INTO `adm_asset` VALUES ('635', '00000811', '', '天逸510Pro-18IKL', 'R305GFZQ', '5850', '1', '', '运营中心/法制贵州网', '罗近人', '2018-06-05 00:00:00.000000', '2018-06-05 00:00:00.000000', '');
INSERT INTO `adm_asset` VALUES ('636', '00000812', '', '天逸510Pro-18IKL', 'R305GFZA', '5850', '1', '', '运营中心/法制贵州网', '赵亮亮', '2018-06-05 00:00:00.000000', '2018-06-05 00:00:00.000000', '');
INSERT INTO `adm_asset` VALUES ('637', '00000813', '', '天逸510Pro-18IKL', 'R305GF8A', '5850', '1', '', '运营中心/大健康频道', '', '2018-06-05 00:00:00.000000', '2018-06-22 00:00:00.000000', '');
INSERT INTO `adm_asset` VALUES ('638', '00000814', '', '天逸510Pro-18IKL', 'R305GFU8', '5850', '1', '', '运营中心/策划营销部', '李亚', '2018-06-05 00:00:00.000000', '2018-06-22 00:00:00.000000', '');
INSERT INTO `adm_asset` VALUES ('639', '00000815', '佳能', '佳能IC MF633CDW', 'WUD24052', '3900', '1', '', '财务中心/财务部', '李茜', '2018-06-05 00:00:00.000000', '2018-06-05 00:00:00.000000', '');
INSERT INTO `adm_asset` VALUES ('640', '00000816', '', '兼容机', '', '7520', '1', '', '运营中心/房车酒网', '李莉丹', '2018-06-13 00:00:00.000000', '2018-06-13 00:00:00.000000', '');
INSERT INTO `adm_asset` VALUES ('641', '00000817', '', '华为MateBook X Pro', 'EHUBB18606000262', '12988', '1', '', '内容中心/中央编辑室', '王幸韬', '2018-06-19 00:00:00.000000', '2018-06-19 00:00:00.000000', '');
INSERT INTO `adm_asset` VALUES ('642', '00000818', '', 'Apple iMac', 'PCH826-03972', '10699', '1', '', '内容中心/中央编辑室', '李晶晶', '2018-06-19 00:00:00.000000', '2018-06-19 00:00:00.000000', '');
INSERT INTO `adm_asset` VALUES ('643', '00000819', '', '联想M7100N', '', '0', '1', '', '技术中心/报废设备', '', '2009-10-29 00:00:00.000000', '2014-05-01 00:00:00.000000', '');
INSERT INTO `adm_asset` VALUES ('644', '00000820', '', '联想T4900d', '', '0', '1', '', '技术中心/报废设备', '', '2013-05-11 00:00:00.000000', '2014-05-01 00:00:00.000000', '');
INSERT INTO `adm_asset` VALUES ('645', '00000821', '', '华硕笔记本电脑', '', '0', '1', '', '技术中心/报废设备', '', '2009-09-01 00:00:00.000000', '2018-06-21 00:00:00.000000', '');
INSERT INTO `adm_asset` VALUES ('646', '00000822', '', '华硕笔记本电脑', '', '0', '1', '', '技术中心/报废设备', '', '2009-09-01 00:00:00.000000', '2018-06-21 00:00:00.000000', '');
INSERT INTO `adm_asset` VALUES ('647', '00000823', '', '戴尔390', '', '2430', '1', '', '技术中心/报废设备', '', '2014-05-01 00:00:00.000000', '2014-05-01 00:00:00.000000', '');
INSERT INTO `adm_asset` VALUES ('648', '00000824', '', '戴尔390', '', '2430', '1', '', '技术中心/报废设备', '', '2014-05-01 00:00:00.000000', '2014-05-01 00:00:00.000000', '');
INSERT INTO `adm_asset` VALUES ('649', '00000825', '', '联想R4900d', '', '0', '1', '', '技术中心/报废设备', '', '2014-02-20 00:00:00.000000', '2014-02-20 00:00:00.000000', '');
INSERT INTO `adm_asset` VALUES ('650', '00000826', '', '联想R4900d', '', '0', '1', '', '技术中心/报废设备', '', '2014-02-20 00:00:00.000000', '2014-02-20 00:00:00.000000', '');
INSERT INTO `adm_asset` VALUES ('651', '00000827', '联想', '联想T4900', '', '0', '1', '', '技术中心/报废设备', '', '2014-09-03 00:00:00.000000', '2015-11-20 00:00:00.000000', '');
INSERT INTO `adm_asset` VALUES ('652', '00000828', '联想', '联想T4900', '', '0', '1', '', '技术中心/报废设备', '', '2014-09-03 00:00:00.000000', '2015-11-20 00:00:00.000000', '');
INSERT INTO `adm_asset` VALUES ('653', '00000829', '戴尔', '戴尔台式机', '', '5920', '1', '', '人力资源中心/人力资源部', '袁军', '2018-06-25 00:00:00.000000', '2018-06-25 00:00:00.000000', '');
INSERT INTO `adm_asset` VALUES ('654', '00000830', '', '浪潮申泰DT3000-F', '', '10300', '1', '', '行政中心/办公室', '雷潇', '2018-07-17 00:00:00.000000', '2018-07-17 00:00:00.000000', '');
INSERT INTO `adm_asset` VALUES ('655', '00000831', '', '联想T4900d', '', '0', '1', '', '技术中心/运行维护部', '资产服务器', '2013-05-11 00:00:00.000000', '2014-05-01 00:00:00.000000', '');
INSERT INTO `adm_asset` VALUES ('656', '00000832', '', '联想天逸510Pro', 'R305L1DQ', '5760', '1', '', '运营中心/房车酒网', '黄晓云', '2018-07-31 00:00:00.000000', '2018-07-31 00:00:00.000000', '');
INSERT INTO `adm_asset` VALUES ('657', '00000833', '', '联想天逸510Pro', 'R305L1H2', '5760', '1', '', '财务中心/财务部', '廖琪瑶', '2018-07-31 00:00:00.000000', '2018-06-24 00:00:00.000000', '');
INSERT INTO `adm_asset` VALUES ('658', '00000834', '', '联想天逸510Pro', 'R305L1FY', '5760', '1', '', '财务中心/财务部', '丰铮颖', '2018-07-31 00:00:00.000000', '2018-06-14 00:00:00.000000', '');
INSERT INTO `adm_asset` VALUES ('659', '00000835', '', '戴尔380台式机', '', '0', '1', '', '运营中心/地方频道部', '马仲星', '2014-05-01 00:00:00.000000', '2014-05-01 00:00:00.000000', '');
INSERT INTO `adm_asset` VALUES ('660', '00000837', '', '尼康16MM/2.8D镜头', '615923', '3896', '1', '', '内容中心/采访二部', '杨昌鼎', '2014-05-31 00:00:00.000000', '2014-05-31 00:00:00.000000', '');
INSERT INTO `adm_asset` VALUES ('661', '00000838', '', '数码相机镜头70-200', '20394203', '11735', '1', '', '内容中心/采访二部', '杨昌鼎', '2017-04-07 00:00:00.000000', '2017-04-07 00:00:00.000000', '');
INSERT INTO `adm_asset` VALUES ('662', '00000839', '', '尼康 D800相机', '', '24596', '1', '', '内容中心/摄像器材', '', '2014-05-31 00:00:00.000000', '2014-05-31 00:00:00.000000', '20151120之前采购物资');
INSERT INTO `adm_asset` VALUES ('663', '00000840', '', '尼康 D800相机', '9032088', '24596', '1', '', '内容中心/摄像器材', '', '2014-05-31 00:00:00.000000', '2014-05-31 00:00:00.000000', '20151120之前采购物资');
INSERT INTO `adm_asset` VALUES ('664', '00000841', '', '广角变焦镜头（14-24MM）', '277862', '6563', '1', '', '内容中心/摄像器材', '', '2014-05-31 00:00:00.000000', '2014-05-31 00:00:00.000000', '20151120之前采购物资');
INSERT INTO `adm_asset` VALUES ('665', '00000842', '', '镜头及配件（105定焦）', '277862', '2826', '1', '', '内容中心/摄像器材', '', '2014-05-31 00:00:00.000000', '2014-05-31 00:00:00.000000', '20151120之前采购物资');
INSERT INTO `adm_asset` VALUES ('666', '00000843', '', '镜头及配件（70-200MM）', '', '6107', '1', '', '内容中心/摄像器材', '', '2014-05-31 00:00:00.000000', '2014-05-31 00:00:00.000000', '20151120之前采购物资');
INSERT INTO `adm_asset` VALUES ('667', '00000844', '', '数码相机镜头24-70', '385726', '9128', '1', '', '内容中心/摄像器材', '', '9128-12-15 00:00:00.000000', '2018-08-15 00:00:00.000000', '');
INSERT INTO `adm_asset` VALUES ('668', '00000845', '', '数码相机镜头24-70', '383404', '9128', '1', '', '内容中心/摄像器材', '', '9128-12-15 00:00:00.000000', '2018-08-15 00:00:00.000000', '损坏');
INSERT INTO `adm_asset` VALUES ('669', '00000846', '', '联想AIO520', '', '9949', '1', '', '公司领导', '邓航', '2018-08-24 00:00:00.000000', '2018-08-24 00:00:00.000000', '');

-- ----------------------------
-- Table structure for adm_assettype
-- ----------------------------
DROP TABLE IF EXISTS `adm_assettype`;
CREATE TABLE `adm_assettype` (
  `id` int(11) NOT NULL AUTO_INCREMENT,
  `name` varchar(30) NOT NULL,
  PRIMARY KEY (`id`)
) ENGINE=InnoDB AUTO_INCREMENT=13 DEFAULT CHARSET=utf8;

-- ----------------------------
-- Records of adm_assettype
-- ----------------------------
INSERT INTO `adm_assettype` VALUES ('1', '台式电脑');
INSERT INTO `adm_assettype` VALUES ('2', '笔记本电脑');
INSERT INTO `adm_assettype` VALUES ('3', '平板电脑');
INSERT INTO `adm_assettype` VALUES ('4', '其他计算机设备及软件');
INSERT INTO `adm_assettype` VALUES ('5', '服务器');
INSERT INTO `adm_assettype` VALUES ('6', '交换机');
INSERT INTO `adm_assettype` VALUES ('7', '其他安全设备');
INSERT INTO `adm_assettype` VALUES ('8', '打印机');
INSERT INTO `adm_assettype` VALUES ('9', '投影仪');
INSERT INTO `adm_assettype` VALUES ('10', '数码相机');
INSERT INTO `adm_assettype` VALUES ('11', '相机镜头');
INSERT INTO `adm_assettype` VALUES ('12', '其他办公设备');

-- ----------------------------
-- Table structure for auth_group
-- ----------------------------
DROP TABLE IF EXISTS `auth_group`;
CREATE TABLE `auth_group` (
  `id` int(11) NOT NULL AUTO_INCREMENT,
  `name` varchar(80) NOT NULL,
  PRIMARY KEY (`id`),
  UNIQUE KEY `name` (`name`)
) ENGINE=InnoDB DEFAULT CHARSET=utf8;

-- ----------------------------
-- Records of auth_group
-- ----------------------------

-- ----------------------------
-- Table structure for auth_group_permissions
-- ----------------------------
DROP TABLE IF EXISTS `auth_group_permissions`;
CREATE TABLE `auth_group_permissions` (
  `id` int(11) NOT NULL AUTO_INCREMENT,
  `group_id` int(11) NOT NULL,
  `permission_id` int(11) NOT NULL,
  PRIMARY KEY (`id`),
  UNIQUE KEY `auth_group_permissions_group_id_permission_id_0cd325b0_uniq` (`group_id`,`permission_id`),
  KEY `auth_group_permissio_permission_id_84c5c92e_fk_auth_perm` (`permission_id`),
  CONSTRAINT `auth_group_permissio_permission_id_84c5c92e_fk_auth_perm` FOREIGN KEY (`permission_id`) REFERENCES `auth_permission` (`id`),
  CONSTRAINT `auth_group_permissions_group_id_b120cbf9_fk_auth_group_id` FOREIGN KEY (`group_id`) REFERENCES `auth_group` (`id`)
) ENGINE=InnoDB DEFAULT CHARSET=utf8;

-- ----------------------------
-- Records of auth_group_permissions
-- ----------------------------

-- ----------------------------
-- Table structure for auth_permission
-- ----------------------------
DROP TABLE IF EXISTS `auth_permission`;
CREATE TABLE `auth_permission` (
  `id` int(11) NOT NULL AUTO_INCREMENT,
  `name` varchar(255) NOT NULL,
  `content_type_id` int(11) NOT NULL,
  `codename` varchar(100) NOT NULL,
  PRIMARY KEY (`id`),
  UNIQUE KEY `auth_permission_content_type_id_codename_01ab375a_uniq` (`content_type_id`,`codename`),
  CONSTRAINT `auth_permission_content_type_id_2f476e4b_fk_django_co` FOREIGN KEY (`content_type_id`) REFERENCES `django_content_type` (`id`)
) ENGINE=InnoDB AUTO_INCREMENT=28 DEFAULT CHARSET=utf8;

-- ----------------------------
-- Records of auth_permission
-- ----------------------------
INSERT INTO `auth_permission` VALUES ('1', 'Can add log entry', '1', 'add_logentry');
INSERT INTO `auth_permission` VALUES ('2', 'Can change log entry', '1', 'change_logentry');
INSERT INTO `auth_permission` VALUES ('3', 'Can delete log entry', '1', 'delete_logentry');
INSERT INTO `auth_permission` VALUES ('4', 'Can add permission', '2', 'add_permission');
INSERT INTO `auth_permission` VALUES ('5', 'Can change permission', '2', 'change_permission');
INSERT INTO `auth_permission` VALUES ('6', 'Can delete permission', '2', 'delete_permission');
INSERT INTO `auth_permission` VALUES ('7', 'Can add group', '3', 'add_group');
INSERT INTO `auth_permission` VALUES ('8', 'Can change group', '3', 'change_group');
INSERT INTO `auth_permission` VALUES ('9', 'Can delete group', '3', 'delete_group');
INSERT INTO `auth_permission` VALUES ('10', 'Can add content type', '4', 'add_contenttype');
INSERT INTO `auth_permission` VALUES ('11', 'Can change content type', '4', 'change_contenttype');
INSERT INTO `auth_permission` VALUES ('12', 'Can delete content type', '4', 'delete_contenttype');
INSERT INTO `auth_permission` VALUES ('13', 'Can add session', '5', 'add_session');
INSERT INTO `auth_permission` VALUES ('14', 'Can change session', '5', 'change_session');
INSERT INTO `auth_permission` VALUES ('15', 'Can delete session', '5', 'delete_session');
INSERT INTO `auth_permission` VALUES ('16', 'Can add 用户信息', '6', 'add_userprofile');
INSERT INTO `auth_permission` VALUES ('17', 'Can change 用户信息', '6', 'change_userprofile');
INSERT INTO `auth_permission` VALUES ('18', 'Can delete 用户信息', '6', 'delete_userprofile');
INSERT INTO `auth_permission` VALUES ('19', 'Can add 组织架构', '7', 'add_structure');
INSERT INTO `auth_permission` VALUES ('20', 'Can change 组织架构', '7', 'change_structure');
INSERT INTO `auth_permission` VALUES ('21', 'Can delete 组织架构', '7', 'delete_structure');
INSERT INTO `auth_permission` VALUES ('22', 'Can add 资产管理', '8', 'add_asset');
INSERT INTO `auth_permission` VALUES ('23', 'Can change 资产管理', '8', 'change_asset');
INSERT INTO `auth_permission` VALUES ('24', 'Can delete 资产管理', '8', 'delete_asset');
INSERT INTO `auth_permission` VALUES ('25', 'Can add 类型名称', '9', 'add_assettype');
INSERT INTO `auth_permission` VALUES ('26', 'Can change 类型名称', '9', 'change_assettype');
INSERT INTO `auth_permission` VALUES ('27', 'Can delete 类型名称', '9', 'delete_assettype');

-- ----------------------------
-- Table structure for django_admin_log
-- ----------------------------
DROP TABLE IF EXISTS `django_admin_log`;
CREATE TABLE `django_admin_log` (
  `id` int(11) NOT NULL AUTO_INCREMENT,
  `action_time` datetime(6) NOT NULL,
  `object_id` longtext,
  `object_repr` varchar(200) NOT NULL,
  `action_flag` smallint(5) unsigned NOT NULL,
  `change_message` longtext NOT NULL,
  `content_type_id` int(11) DEFAULT NULL,
  `user_id` int(11) NOT NULL,
  PRIMARY KEY (`id`),
  KEY `django_admin_log_content_type_id_c4bce8eb_fk_django_co` (`content_type_id`),
  KEY `django_admin_log_user_id_c564eba6_fk_users_userprofile_id` (`user_id`),
  CONSTRAINT `django_admin_log_content_type_id_c4bce8eb_fk_django_co` FOREIGN KEY (`content_type_id`) REFERENCES `django_content_type` (`id`),
  CONSTRAINT `django_admin_log_user_id_c564eba6_fk_users_userprofile_id` FOREIGN KEY (`user_id`) REFERENCES `users_userprofile` (`id`)
) ENGINE=InnoDB AUTO_INCREMENT=2 DEFAULT CHARSET=utf8;

-- ----------------------------
-- Records of django_admin_log
-- ----------------------------
INSERT INTO `django_admin_log` VALUES ('1', '2018-09-07 06:47:00.180180', '1', 'admin', '2', '[{\"changed\": {\"fields\": [\"password\", \"last_login\", \"first_name\", \"name\", \"mobile\"]}}]', '6', '1');

-- ----------------------------
-- Table structure for django_content_type
-- ----------------------------
DROP TABLE IF EXISTS `django_content_type`;
CREATE TABLE `django_content_type` (
  `id` int(11) NOT NULL AUTO_INCREMENT,
  `app_label` varchar(100) NOT NULL,
  `model` varchar(100) NOT NULL,
  PRIMARY KEY (`id`),
  UNIQUE KEY `django_content_type_app_label_model_76bd3d3b_uniq` (`app_label`,`model`)
) ENGINE=InnoDB AUTO_INCREMENT=10 DEFAULT CHARSET=utf8;

-- ----------------------------
-- Records of django_content_type
-- ----------------------------
INSERT INTO `django_content_type` VALUES ('8', 'adm', 'asset');
INSERT INTO `django_content_type` VALUES ('9', 'adm', 'assettype');
INSERT INTO `django_content_type` VALUES ('1', 'admin', 'logentry');
INSERT INTO `django_content_type` VALUES ('3', 'auth', 'group');
INSERT INTO `django_content_type` VALUES ('2', 'auth', 'permission');
INSERT INTO `django_content_type` VALUES ('4', 'contenttypes', 'contenttype');
INSERT INTO `django_content_type` VALUES ('5', 'sessions', 'session');
INSERT INTO `django_content_type` VALUES ('7', 'users', 'structure');
INSERT INTO `django_content_type` VALUES ('6', 'users', 'userprofile');

-- ----------------------------
-- Table structure for django_migrations
-- ----------------------------
DROP TABLE IF EXISTS `django_migrations`;
CREATE TABLE `django_migrations` (
  `id` int(11) NOT NULL AUTO_INCREMENT,
  `app` varchar(255) NOT NULL,
  `name` varchar(255) NOT NULL,
  `applied` datetime(6) NOT NULL,
  PRIMARY KEY (`id`)
) ENGINE=InnoDB AUTO_INCREMENT=25 DEFAULT CHARSET=utf8;

-- ----------------------------
-- Records of django_migrations
-- ----------------------------
INSERT INTO `django_migrations` VALUES ('1', 'adm', '0001_initial', '2018-09-07 03:51:58.379511');
INSERT INTO `django_migrations` VALUES ('2', 'adm', '0002_auto_20180907_1151', '2018-09-07 03:51:58.418513');
INSERT INTO `django_migrations` VALUES ('3', 'contenttypes', '0001_initial', '2018-09-07 03:51:58.446515');
INSERT INTO `django_migrations` VALUES ('4', 'contenttypes', '0002_remove_content_type_name', '2018-09-07 03:51:58.501518');
INSERT INTO `django_migrations` VALUES ('5', 'auth', '0001_initial', '2018-09-07 03:51:58.665527');
INSERT INTO `django_migrations` VALUES ('6', 'auth', '0002_alter_permission_name_max_length', '2018-09-07 03:51:58.701529');
INSERT INTO `django_migrations` VALUES ('7', 'auth', '0003_alter_user_email_max_length', '2018-09-07 03:51:58.707530');
INSERT INTO `django_migrations` VALUES ('8', 'auth', '0004_alter_user_username_opts', '2018-09-07 03:51:58.712530');
INSERT INTO `django_migrations` VALUES ('9', 'auth', '0005_alter_user_last_login_null', '2018-09-07 03:51:58.720530');
INSERT INTO `django_migrations` VALUES ('10', 'auth', '0006_require_contenttypes_0002', '2018-09-07 03:51:58.722531');
INSERT INTO `django_migrations` VALUES ('11', 'auth', '0007_alter_validators_add_error_messages', '2018-09-07 03:51:58.728531');
INSERT INTO `django_migrations` VALUES ('12', 'auth', '0008_alter_user_username_max_length', '2018-09-07 03:51:58.733531');
INSERT INTO `django_migrations` VALUES ('13', 'users', '0001_initial', '2018-09-07 03:51:59.310564');
INSERT INTO `django_migrations` VALUES ('14', 'admin', '0001_initial', '2018-09-07 03:51:59.403570');
INSERT INTO `django_migrations` VALUES ('15', 'admin', '0002_logentry_remove_auto_add', '2018-09-07 03:51:59.413570');
INSERT INTO `django_migrations` VALUES ('16', 'sessions', '0001_initial', '2018-09-07 03:51:59.442572');
INSERT INTO `django_migrations` VALUES ('17', 'users', '0002_auto_20180906_1647', '2018-09-07 03:51:59.530577');
INSERT INTO `django_migrations` VALUES ('18', 'users', '0003_auto_20180907_0947', '2018-09-07 03:51:59.644583');
INSERT INTO `django_migrations` VALUES ('19', 'users', '0004_userprofile_image', '2018-09-07 03:51:59.687586');
INSERT INTO `django_migrations` VALUES ('20', 'adm', '0003_auto_20180907_1154', '2018-09-07 03:54:07.393890');
INSERT INTO `django_migrations` VALUES ('21', 'adm', '0002_remove_asset_assettype', '2018-09-07 04:16:59.671380');
INSERT INTO `django_migrations` VALUES ('22', 'adm', '0003_assettype', '2018-09-07 04:45:49.201303');
INSERT INTO `django_migrations` VALUES ('23', 'adm', '0004_asset_assettype', '2018-09-07 04:58:21.802350');
INSERT INTO `django_migrations` VALUES ('24', 'adm', '0005_remove_asset_assettype', '2018-09-07 06:42:39.898292');

-- ----------------------------
-- Table structure for django_session
-- ----------------------------
DROP TABLE IF EXISTS `django_session`;
CREATE TABLE `django_session` (
  `session_key` varchar(40) NOT NULL,
  `session_data` longtext NOT NULL,
  `expire_date` datetime(6) NOT NULL,
  PRIMARY KEY (`session_key`),
  KEY `django_session_expire_date_a5c62663` (`expire_date`)
) ENGINE=InnoDB DEFAULT CHARSET=utf8;

-- ----------------------------
-- Records of django_session
-- ----------------------------
INSERT INTO `django_session` VALUES ('1uh0yvioyic2u1cy6snljatpt85qdj79', 'NGIwY2U3NmFiOWRlN2FiMDEyOWUxNDUwZWY0YmM4ZjI5ODg3MTI0Yjp7Il9hdXRoX3VzZXJfaWQiOiIxIiwiX2F1dGhfdXNlcl9iYWNrZW5kIjoidXNlcnMudmlld3NfdXNlci5Vc2VyQmFja2VuZCIsIl9hdXRoX3VzZXJfaGFzaCI6ImFmZTNhNTZhODA2YWM4ZThkOTJkNmU0NWJmZTliNzc3MmQwMTBhZWEifQ==', '2018-09-07 06:40:11.154149');
INSERT INTO `django_session` VALUES ('hzdgk2j3k8uoppajd9t2375xwyyyv3mm', 'MDc0NWRjNjYwZTBhOWQ4ODgxN2RkYTllMzFhNDIwN2NiOWRmY2E4Yjp7Il9hdXRoX3VzZXJfaWQiOiIxIiwiX2F1dGhfdXNlcl9iYWNrZW5kIjoidXNlcnMudmlld3NfdXNlci5Vc2VyQmFja2VuZCIsIl9hdXRoX3VzZXJfaGFzaCI6ImY1YTZmOTAyMGFiODRmZTc3ZTk0MjliNzM1OGVkYjJkNmNjMzg2NzkifQ==', '2018-09-07 07:18:55.262080');
INSERT INTO `django_session` VALUES ('iz4249eppbigy0c92qymnt9j7ztodjw4', 'NGIwY2U3NmFiOWRlN2FiMDEyOWUxNDUwZWY0YmM4ZjI5ODg3MTI0Yjp7Il9hdXRoX3VzZXJfaWQiOiIxIiwiX2F1dGhfdXNlcl9iYWNrZW5kIjoidXNlcnMudmlld3NfdXNlci5Vc2VyQmFja2VuZCIsIl9hdXRoX3VzZXJfaGFzaCI6ImFmZTNhNTZhODA2YWM4ZThkOTJkNmU0NWJmZTliNzc3MmQwMTBhZWEifQ==', '2018-09-07 06:37:15.801119');
INSERT INTO `django_session` VALUES ('j582gd7ewonabp4jwvqxuyech3vnrg7a', 'MDc0NWRjNjYwZTBhOWQ4ODgxN2RkYTllMzFhNDIwN2NiOWRmY2E4Yjp7Il9hdXRoX3VzZXJfaWQiOiIxIiwiX2F1dGhfdXNlcl9iYWNrZW5kIjoidXNlcnMudmlld3NfdXNlci5Vc2VyQmFja2VuZCIsIl9hdXRoX3VzZXJfaGFzaCI6ImY1YTZmOTAyMGFiODRmZTc3ZTk0MjliNzM1OGVkYjJkNmNjMzg2NzkifQ==', '2018-09-07 07:22:54.240749');
INSERT INTO `django_session` VALUES ('p353yculhpa10kxt6t306ppjl1tvcr62', 'MDc0NWRjNjYwZTBhOWQ4ODgxN2RkYTllMzFhNDIwN2NiOWRmY2E4Yjp7Il9hdXRoX3VzZXJfaWQiOiIxIiwiX2F1dGhfdXNlcl9iYWNrZW5kIjoidXNlcnMudmlld3NfdXNlci5Vc2VyQmFja2VuZCIsIl9hdXRoX3VzZXJfaGFzaCI6ImY1YTZmOTAyMGFiODRmZTc3ZTk0MjliNzM1OGVkYjJkNmNjMzg2NzkifQ==', '2018-09-07 08:33:24.671716');
INSERT INTO `django_session` VALUES ('yofyochxncluellgok2agamvysy2wnow', 'NGIwY2U3NmFiOWRlN2FiMDEyOWUxNDUwZWY0YmM4ZjI5ODg3MTI0Yjp7Il9hdXRoX3VzZXJfaWQiOiIxIiwiX2F1dGhfdXNlcl9iYWNrZW5kIjoidXNlcnMudmlld3NfdXNlci5Vc2VyQmFja2VuZCIsIl9hdXRoX3VzZXJfaGFzaCI6ImFmZTNhNTZhODA2YWM4ZThkOTJkNmU0NWJmZTliNzc3MmQwMTBhZWEifQ==', '2018-09-07 06:19:52.428441');

-- ----------------------------
-- Table structure for users_structure
-- ----------------------------
DROP TABLE IF EXISTS `users_structure`;
CREATE TABLE `users_structure` (
  `id` int(11) NOT NULL AUTO_INCREMENT,
  `title` varchar(60) NOT NULL,
  `type` varchar(20) NOT NULL,
  `parent_id` int(11) DEFAULT NULL,
  PRIMARY KEY (`id`),
  KEY `users_structure_parent_id_e73fd647_fk_users_structure_id` (`parent_id`),
  CONSTRAINT `users_structure_parent_id_e73fd647_fk_users_structure_id` FOREIGN KEY (`parent_id`) REFERENCES `users_structure` (`id`)
) ENGINE=InnoDB DEFAULT CHARSET=utf8;

-- ----------------------------
-- Records of users_structure
-- ----------------------------

-- ----------------------------
-- Table structure for users_userprofile
-- ----------------------------
DROP TABLE IF EXISTS `users_userprofile`;
CREATE TABLE `users_userprofile` (
  `id` int(11) NOT NULL AUTO_INCREMENT,
  `password` varchar(128) NOT NULL,
  `last_login` datetime(6) DEFAULT NULL,
  `is_superuser` tinyint(1) NOT NULL,
  `username` varchar(150) NOT NULL,
  `first_name` varchar(30) NOT NULL,
  `last_name` varchar(30) NOT NULL,
  `is_staff` tinyint(1) NOT NULL,
  `is_active` tinyint(1) NOT NULL,
  `date_joined` datetime(6) NOT NULL,
  `name` varchar(20) NOT NULL,
  `birthday` date DEFAULT NULL,
  `gender` varchar(10) NOT NULL,
  `mobile` varchar(11) NOT NULL,
  `email` varchar(100) NOT NULL,
  `department_id` int(11) DEFAULT NULL,
  `image` varchar(100),
  PRIMARY KEY (`id`),
  UNIQUE KEY `username` (`username`),
  KEY `users_userprofile_department_id_b060d851_fk_users_structure_id` (`department_id`),
  CONSTRAINT `users_userprofile_department_id_b060d851_fk_users_structure_id` FOREIGN KEY (`department_id`) REFERENCES `users_structure` (`id`)
) ENGINE=InnoDB AUTO_INCREMENT=2 DEFAULT CHARSET=utf8;

-- ----------------------------
-- Records of users_userprofile
-- ----------------------------
INSERT INTO `users_userprofile` VALUES ('1', 'pbkdf2_sha256$36000$Nr6I27srX7EJ$fuQFiT2Uv/mUhYV9hoqMn8cZj0y523VZd71WvFvuIEI=', '2018-09-07 08:13:21.635542', '1', 'admin', 'admin', '', '1', '1', '2018-09-07 03:52:00.000000', 'admin', null, 'male', '13800000000', '2@2.com', null, 'image/default.jpg');

-- ----------------------------
-- Table structure for users_userprofile_groups
-- ----------------------------
DROP TABLE IF EXISTS `users_userprofile_groups`;
CREATE TABLE `users_userprofile_groups` (
  `id` int(11) NOT NULL AUTO_INCREMENT,
  `userprofile_id` int(11) NOT NULL,
  `group_id` int(11) NOT NULL,
  PRIMARY KEY (`id`),
  UNIQUE KEY `users_userprofile_groups_userprofile_id_group_id_823cf2fc_uniq` (`userprofile_id`,`group_id`),
  KEY `users_userprofile_groups_group_id_3de53dbf_fk_auth_group_id` (`group_id`),
  CONSTRAINT `users_userprofile_gr_userprofile_id_a4496a80_fk_users_use` FOREIGN KEY (`userprofile_id`) REFERENCES `users_userprofile` (`id`),
  CONSTRAINT `users_userprofile_groups_group_id_3de53dbf_fk_auth_group_id` FOREIGN KEY (`group_id`) REFERENCES `auth_group` (`id`)
) ENGINE=InnoDB DEFAULT CHARSET=utf8;

-- ----------------------------
-- Records of users_userprofile_groups
-- ----------------------------

-- ----------------------------
-- Table structure for users_userprofile_user_permissions
-- ----------------------------
DROP TABLE IF EXISTS `users_userprofile_user_permissions`;
CREATE TABLE `users_userprofile_user_permissions` (
  `id` int(11) NOT NULL AUTO_INCREMENT,
  `userprofile_id` int(11) NOT NULL,
  `permission_id` int(11) NOT NULL,
  PRIMARY KEY (`id`),
  UNIQUE KEY `users_userprofile_user_p_userprofile_id_permissio_d0215190_uniq` (`userprofile_id`,`permission_id`),
  KEY `users_userprofile_us_permission_id_393136b6_fk_auth_perm` (`permission_id`),
  CONSTRAINT `users_userprofile_us_permission_id_393136b6_fk_auth_perm` FOREIGN KEY (`permission_id`) REFERENCES `auth_permission` (`id`),
  CONSTRAINT `users_userprofile_us_userprofile_id_34544737_fk_users_use` FOREIGN KEY (`userprofile_id`) REFERENCES `users_userprofile` (`id`)
) ENGINE=InnoDB DEFAULT CHARSET=utf8;

-- ----------------------------
-- Records of users_userprofile_user_permissions
-- ----------------------------
